"","Period","WORDSUM","SEX","RACE","EDUC","AGE","Cohort"
"1",1974,5,1,0,10,69,1905
"2",1974,5,1,0,11,54,1920
"3",1974,1,0,0,0,80,1894
"4",1974,2,0,0,9,59,1915
"5",1974,5,1,0,12,54,1920
"6",1974,8,0,0,14,39,1935
"7",1974,5,1,0,12,54,1920
"8",1974,3,0,1,14,59,1915
"9",1974,6,1,0,13,69,1905
"10",1974,8,0,0,16,24,1950
"11",1974,10,1,0,16,29,1945
"12",1974,10,1,0,16,29,1945
"13",1974,5,0,0,12,54,1920
"14",1974,2,0,0,12,39,1935
"15",1974,9,1,0,16,29,1945
"16",1974,8,1,0,12,34,1940
"17",1974,4,1,0,12,19,1955
"18",1974,6,1,1,16,44,1930
"19",1974,10,0,0,20,54,1920
"20",1974,6,0,0,9,64,1910
"21",1974,9,0,0,19,54,1920
"22",1974,8,1,0,13,39,1935
"23",1974,6,0,0,8,44,1930
"24",1974,8,0,0,12,49,1925
"25",1974,5,1,0,11,19,1955
"26",1974,8,1,0,12,39,1935
"27",1974,4,0,0,14,24,1950
"28",1974,6,1,0,13,54,1920
"29",1974,9,1,0,13,24,1950
"30",1974,6,0,0,11,69,1905
"31",1974,1,0,0,12,44,1930
"32",1974,7,1,0,8,59,1915
"33",1974,7,1,0,12,54,1920
"34",1974,10,1,0,16,69,1905
"35",1974,6,1,0,8,64,1910
"36",1974,4,0,0,12,29,1945
"37",1974,3,0,0,8,80,1894
"38",1974,8,1,0,12,54,1920
"39",1974,7,0,0,12,49,1925
"40",1974,4,0,0,7,69,1905
"41",1974,4,0,0,8,74,1900
"42",1974,4,1,0,6,80,1894
"43",1974,6,1,0,11,34,1940
"44",1974,4,1,0,12,19,1955
"45",1974,3,0,0,7,74,1900
"46",1974,6,1,0,12,59,1915
"47",1974,8,0,0,10,59,1915
"48",1974,3,0,0,9,59,1915
"49",1974,4,1,0,11,74,1900
"50",1974,5,1,0,12,44,1930
"51",1974,9,1,0,12,39,1935
"52",1974,7,0,0,16,69,1905
"53",1974,7,1,0,12,24,1950
"54",1974,7,0,0,14,24,1950
"55",1974,6,1,0,12,49,1925
"56",1974,7,0,0,12,39,1935
"57",1974,4,0,0,8,69,1905
"58",1974,7,1,0,12,39,1935
"59",1974,5,0,0,12,29,1945
"60",1974,6,1,0,16,34,1940
"61",1974,4,1,0,12,29,1945
"62",1974,6,1,0,12,24,1950
"63",1974,5,0,0,8,54,1920
"64",1974,7,1,0,12,59,1915
"65",1974,9,1,0,12,59,1915
"66",1974,4,0,1,12,54,1920
"67",1974,4,1,1,10,54,1920
"68",1974,5,1,0,11,19,1955
"69",1974,5,0,0,8,59,1915
"70",1974,6,1,1,18,44,1930
"71",1974,8,1,0,15,80,1894
"72",1974,4,1,0,12,19,1955
"73",1974,10,0,0,17,34,1940
"74",1974,4,1,1,11,39,1935
"75",1974,6,1,0,12,39,1935
"76",1974,6,0,0,16,29,1945
"77",1974,7,0,0,12,24,1950
"78",1974,10,1,0,17,54,1920
"79",1974,6,1,1,6,59,1915
"80",1974,8,0,0,8,80,1894
"81",1974,5,0,0,8,64,1910
"82",1974,2,0,0,5,74,1900
"83",1974,9,1,0,14,44,1930
"84",1974,9,0,0,16,69,1905
"85",1974,4,1,1,10,39,1935
"86",1974,6,0,0,12,19,1955
"87",1974,7,1,0,13,49,1925
"88",1974,6,1,0,5,79,1895
"89",1974,4,1,0,14,54,1920
"90",1974,7,1,0,16,24,1950
"91",1974,9,1,0,16,24,1950
"92",1974,3,1,1,11,44,1930
"93",1974,4,1,1,13,34,1940
"94",1974,7,0,0,15,39,1935
"95",1974,5,0,0,14,24,1950
"96",1974,6,1,0,12,34,1940
"97",1974,3,1,1,15,29,1945
"98",1974,6,0,0,14,74,1900
"99",1974,3,0,0,12,24,1950
"100",1974,7,0,0,18,39,1935
"101",1974,10,0,0,9,59,1915
"102",1974,6,0,0,12,69,1905
"103",1974,5,1,0,12,29,1945
"104",1974,10,1,0,12,54,1920
"105",1974,5,0,1,14,34,1940
"106",1974,5,1,1,5,74,1900
"107",1974,4,0,0,12,19,1955
"108",1974,7,1,0,12,39,1935
"109",1974,6,0,0,8,59,1915
"110",1974,7,1,0,12,29,1945
"111",1974,5,0,1,11,19,1955
"112",1974,4,1,1,11,49,1925
"113",1974,6,0,0,13,29,1945
"114",1974,5,0,0,12,19,1955
"115",1974,6,1,0,12,24,1950
"116",1974,5,0,0,8,69,1905
"117",1974,5,0,0,12,24,1950
"118",1974,4,0,0,12,44,1930
"119",1974,2,0,0,6,74,1900
"120",1974,5,1,0,8,69,1905
"121",1974,10,1,0,14,24,1950
"122",1974,5,1,0,10,44,1930
"123",1974,4,1,0,11,29,1945
"124",1974,9,0,0,17,49,1925
"125",1974,4,0,0,8,49,1925
"126",1974,6,0,0,14,44,1930
"127",1974,6,1,0,8,59,1915
"128",1974,6,0,0,12,59,1915
"129",1974,4,0,1,10,39,1935
"130",1974,6,1,0,12,49,1925
"131",1974,4,1,1,11,19,1955
"132",1974,2,1,1,8,39,1935
"133",1974,5,0,0,9,54,1920
"134",1974,8,0,0,12,24,1950
"135",1974,7,0,0,14,29,1945
"136",1974,7,0,0,11,54,1920
"137",1974,2,1,0,8,69,1905
"138",1974,3,1,0,10,39,1935
"139",1974,7,0,0,12,24,1950
"140",1974,10,1,0,14,29,1945
"141",1974,9,1,0,17,44,1930
"142",1974,5,0,0,17,69,1905
"143",1974,8,1,0,16,34,1940
"144",1974,9,1,0,16,34,1940
"145",1974,7,1,0,12,29,1945
"146",1974,4,1,0,12,39,1935
"147",1974,5,0,0,13,24,1950
"148",1974,6,0,0,12,44,1930
"149",1974,5,0,0,9,39,1935
"150",1974,9,1,0,12,34,1940
"151",1974,8,0,0,12,44,1930
"152",1974,4,1,0,10,34,1940
"153",1974,10,1,0,12,59,1915
"154",1974,6,1,1,12,34,1940
"155",1974,8,0,0,13,19,1955
"156",1974,8,1,0,12,24,1950
"157",1974,4,0,0,10,29,1945
"158",1974,4,1,1,12,39,1935
"159",1974,8,0,0,12,34,1940
"160",1974,5,0,0,12,29,1945
"161",1974,7,0,0,12,34,1940
"162",1974,10,1,0,16,29,1945
"163",1974,4,1,0,15,64,1910
"164",1974,8,0,0,10,19,1955
"165",1974,10,0,0,18,39,1935
"166",1974,7,1,0,16,24,1950
"167",1974,7,1,0,12,34,1940
"168",1974,3,1,1,12,64,1910
"169",1974,9,0,0,16,54,1920
"170",1974,7,1,1,12,29,1945
"171",1974,5,0,0,12,39,1935
"172",1974,6,1,0,8,39,1935
"173",1974,3,0,1,7,54,1920
"174",1974,4,0,0,11,49,1925
"175",1974,5,0,0,12,24,1950
"176",1974,5,1,0,12,44,1930
"177",1974,7,1,0,12,39,1935
"178",1974,10,1,0,13,69,1905
"179",1974,6,0,1,12,24,1950
"180",1974,8,0,1,11,49,1925
"181",1974,6,1,0,11,44,1930
"182",1974,4,1,0,16,69,1905
"183",1974,7,1,0,10,44,1930
"184",1974,6,0,0,15,64,1910
"185",1974,6,1,0,14,39,1935
"186",1974,10,0,0,12,24,1950
"187",1974,6,1,0,8,59,1915
"188",1974,6,1,0,12,24,1950
"189",1974,7,1,0,16,29,1945
"190",1974,5,0,0,8,64,1910
"191",1974,4,1,0,7,69,1905
"192",1974,7,1,0,12,54,1920
"193",1974,7,0,0,12,29,1945
"194",1974,4,0,0,8,79,1895
"195",1974,1,1,0,8,69,1905
"196",1974,5,1,0,6,34,1940
"197",1974,9,1,0,20,29,1945
"198",1974,0,0,0,9,19,1955
"199",1974,10,1,0,13,29,1945
"200",1974,7,1,1,12,19,1955
"201",1974,8,0,0,13,29,1945
"202",1974,5,0,0,8,64,1910
"203",1974,6,1,0,12,19,1955
"204",1974,4,1,0,15,59,1915
"205",1974,10,0,0,15,49,1925
"206",1974,6,1,0,16,29,1945
"207",1974,8,1,0,12,39,1935
"208",1974,5,0,0,7,49,1925
"209",1974,6,0,0,7,74,1900
"210",1974,4,1,0,10,49,1925
"211",1974,8,0,0,12,34,1940
"212",1974,10,0,0,7,59,1915
"213",1974,9,1,0,11,44,1930
"214",1974,2,0,0,8,79,1895
"215",1974,4,1,0,11,74,1900
"216",1974,10,0,0,16,24,1950
"217",1974,6,1,0,12,19,1955
"218",1974,7,0,0,14,49,1925
"219",1974,6,1,0,12,24,1950
"220",1974,5,0,0,12,29,1945
"221",1974,5,1,0,12,29,1945
"222",1974,8,1,0,12,44,1930
"223",1974,9,0,0,16,49,1925
"224",1974,6,1,0,12,54,1920
"225",1974,6,0,0,12,39,1935
"226",1974,3,1,0,12,34,1940
"227",1974,8,0,0,12,69,1905
"228",1974,8,1,0,12,44,1930
"229",1974,7,0,0,16,24,1950
"230",1974,3,1,0,13,29,1945
"231",1974,6,0,0,14,44,1930
"232",1974,8,0,0,17,39,1935
"233",1974,6,1,0,12,34,1940
"234",1974,4,0,0,8,34,1940
"235",1974,6,1,0,11,29,1945
"236",1974,5,0,0,11,19,1955
"237",1974,6,0,0,8,59,1915
"238",1974,2,1,0,7,79,1895
"239",1974,3,0,0,10,24,1950
"240",1974,10,0,0,11,19,1955
"241",1974,6,0,0,10,34,1940
"242",1974,6,1,0,16,24,1950
"243",1974,2,0,0,13,24,1950
"244",1974,6,1,0,13,34,1940
"245",1974,5,1,0,12,54,1920
"246",1974,7,1,0,12,44,1930
"247",1974,10,1,0,14,59,1915
"248",1974,5,1,0,0,80,1894
"249",1974,4,0,0,12,24,1950
"250",1974,3,1,0,9,19,1955
"251",1974,4,1,0,12,39,1935
"252",1974,7,1,0,9,29,1945
"253",1974,5,0,0,6,24,1950
"254",1974,1,0,0,14,44,1930
"255",1974,2,1,0,7,69,1905
"256",1974,3,1,1,10,34,1940
"257",1974,0,0,0,2,39,1935
"258",1974,1,1,1,10,69,1905
"259",1974,3,0,0,10,54,1920
"260",1974,8,1,0,12,39,1935
"261",1974,3,1,0,7,74,1900
"262",1974,5,1,0,13,34,1940
"263",1974,4,0,0,6,69,1905
"264",1974,2,1,0,9,69,1905
"265",1974,6,0,0,12,44,1930
"266",1974,8,0,0,12,69,1905
"267",1974,6,0,0,8,74,1900
"268",1974,10,1,0,15,80,1894
"269",1974,6,1,0,13,24,1950
"270",1974,4,0,1,9,59,1915
"271",1974,3,1,0,6,44,1930
"272",1974,3,0,1,0,79,1895
"273",1974,8,0,1,8,69,1905
"274",1974,8,0,0,14,74,1900
"275",1974,8,0,0,12,64,1910
"276",1974,0,0,0,8,80,1894
"277",1974,4,1,0,9,54,1920
"278",1974,6,0,0,12,19,1955
"279",1974,4,0,0,12,54,1920
"280",1974,5,0,0,8,69,1905
"281",1974,5,1,0,11,24,1950
"282",1974,5,0,0,12,19,1955
"283",1974,3,1,0,8,79,1895
"284",1974,7,1,0,14,59,1915
"285",1974,5,1,1,12,54,1920
"286",1974,6,1,0,14,59,1915
"287",1974,7,0,0,16,24,1950
"288",1974,8,0,0,8,64,1910
"289",1974,9,0,0,8,69,1905
"290",1974,7,1,0,11,44,1930
"291",1974,8,1,0,12,44,1930
"292",1974,4,0,0,12,64,1910
"293",1974,5,0,0,12,44,1930
"294",1974,10,0,0,15,44,1930
"295",1974,6,1,0,12,39,1935
"296",1976,8,1,0,12,56,1920
"297",1976,9,1,0,12,51,1925
"298",1976,7,0,0,16,41,1935
"299",1976,3,0,0,12,31,1945
"300",1976,7,1,0,9,51,1925
"301",1976,7,1,0,8,51,1925
"302",1976,6,0,0,12,61,1915
"303",1976,3,1,0,9,31,1945
"304",1976,6,1,0,9,61,1915
"305",1976,7,0,0,16,26,1950
"306",1976,2,0,0,7,51,1925
"307",1976,5,1,0,12,46,1930
"308",1976,8,0,0,12,46,1930
"309",1976,4,1,0,10,36,1940
"310",1976,6,0,0,13,41,1935
"311",1976,10,1,0,12,36,1940
"312",1976,10,1,0,16,36,1940
"313",1976,3,1,0,3,41,1935
"314",1976,7,1,1,13,26,1950
"315",1976,7,0,0,13,36,1940
"316",1976,3,0,0,5,82,1894
"317",1976,10,1,0,16,66,1910
"318",1976,6,1,0,8,71,1905
"319",1976,7,0,0,15,36,1940
"320",1976,6,1,0,13,31,1945
"321",1976,10,0,0,16,36,1940
"322",1976,10,0,0,12,41,1935
"323",1976,1,0,0,12,71,1905
"324",1976,8,0,0,15,21,1955
"325",1976,6,1,0,12,31,1945
"326",1976,8,1,0,12,81,1895
"327",1976,8,1,0,11,61,1915
"328",1976,0,1,0,7,61,1915
"329",1976,8,0,0,10,61,1915
"330",1976,8,1,0,8,76,1900
"331",1976,6,0,0,15,21,1955
"332",1976,8,1,0,16,36,1940
"333",1976,7,1,0,11,46,1930
"334",1976,4,0,0,8,51,1925
"335",1976,6,0,0,14,26,1950
"336",1976,3,0,0,14,41,1935
"337",1976,4,0,0,12,61,1915
"338",1976,7,0,0,8,66,1910
"339",1976,5,1,1,9,46,1930
"340",1976,6,1,0,10,76,1900
"341",1976,5,0,0,11,56,1920
"342",1976,7,1,0,2,71,1905
"343",1976,6,1,0,12,46,1930
"344",1976,5,1,1,12,26,1950
"345",1976,5,0,1,14,36,1940
"346",1976,7,1,0,12,36,1940
"347",1976,7,1,0,12,46,1930
"348",1976,7,1,0,8,26,1950
"349",1976,8,0,0,11,56,1920
"350",1976,4,0,0,19,46,1930
"351",1976,8,1,0,12,51,1925
"352",1976,6,0,0,16,41,1935
"353",1976,6,0,0,14,51,1925
"354",1976,9,0,0,15,26,1950
"355",1976,7,1,0,12,21,1955
"356",1976,7,0,0,7,66,1910
"357",1976,4,1,0,11,41,1935
"358",1976,5,0,0,12,51,1925
"359",1976,7,1,0,12,36,1940
"360",1976,6,1,0,12,61,1915
"361",1976,7,1,0,12,51,1925
"362",1976,4,0,0,7,66,1910
"363",1976,3,1,0,7,71,1905
"364",1976,3,0,1,5,56,1920
"365",1976,8,1,0,12,71,1905
"366",1976,9,1,0,13,26,1950
"367",1976,4,1,0,12,31,1945
"368",1976,3,1,1,11,36,1940
"369",1976,7,1,1,8,46,1930
"370",1976,7,0,0,13,36,1940
"371",1976,6,0,0,17,26,1950
"372",1976,5,1,0,10,61,1915
"373",1976,2,1,1,9,26,1950
"374",1976,5,1,1,6,76,1900
"375",1976,1,1,0,9,36,1940
"376",1976,9,0,0,13,21,1955
"377",1976,7,0,0,17,31,1945
"378",1976,5,1,0,12,21,1955
"379",1976,8,1,0,16,41,1935
"380",1976,4,1,0,9,41,1935
"381",1976,5,1,0,11,51,1925
"382",1976,5,0,0,12,46,1930
"383",1976,9,1,0,12,56,1920
"384",1976,6,1,0,12,31,1945
"385",1976,7,0,0,11,71,1905
"386",1976,9,1,0,12,66,1910
"387",1976,9,0,0,14,41,1935
"388",1976,5,0,0,18,26,1950
"389",1976,6,0,0,12,76,1900
"390",1976,2,1,0,10,56,1920
"391",1976,6,1,0,12,21,1955
"392",1976,5,0,0,12,31,1945
"393",1976,9,0,0,15,31,1945
"394",1976,6,0,0,12,36,1940
"395",1976,4,0,0,8,82,1894
"396",1976,7,1,0,12,26,1950
"397",1976,6,1,0,12,36,1940
"398",1976,7,0,0,13,36,1940
"399",1976,5,1,0,8,56,1920
"400",1976,8,1,0,9,36,1940
"401",1976,3,0,0,8,31,1945
"402",1976,4,1,0,14,21,1955
"403",1976,6,0,0,12,26,1950
"404",1976,10,0,0,16,56,1920
"405",1976,2,1,0,9,36,1940
"406",1976,7,1,0,12,41,1935
"407",1976,9,1,0,14,61,1915
"408",1976,7,1,0,10,66,1910
"409",1976,3,0,0,6,61,1915
"410",1976,10,0,0,18,51,1925
"411",1976,10,1,0,14,46,1930
"412",1976,8,0,0,13,61,1915
"413",1976,8,1,0,16,76,1900
"414",1976,6,1,0,10,56,1920
"415",1976,6,0,0,12,31,1945
"416",1976,5,0,0,12,61,1915
"417",1976,5,1,0,4,56,1920
"418",1976,2,0,0,8,66,1910
"419",1976,6,0,0,9,56,1920
"420",1976,6,1,0,10,31,1945
"421",1976,6,0,0,8,61,1915
"422",1976,4,0,0,12,21,1955
"423",1976,5,0,0,13,36,1940
"424",1976,9,1,0,12,61,1915
"425",1976,10,0,0,16,56,1920
"426",1976,10,1,0,16,31,1945
"427",1976,4,0,1,11,21,1955
"428",1976,5,1,0,12,41,1935
"429",1976,2,0,0,8,66,1910
"430",1976,4,1,0,11,21,1955
"431",1976,8,0,0,14,41,1935
"432",1976,9,0,1,10,41,1935
"433",1976,4,0,1,8,61,1915
"434",1976,6,0,0,10,46,1930
"435",1976,6,1,0,12,21,1955
"436",1976,6,1,0,12,51,1925
"437",1976,6,0,0,14,21,1955
"438",1976,9,1,0,16,66,1910
"439",1976,7,1,0,7,81,1895
"440",1976,7,1,0,12,66,1910
"441",1976,6,1,0,12,51,1925
"442",1976,10,1,0,12,66,1910
"443",1976,0,1,1,12,61,1915
"444",1976,3,0,1,3,71,1905
"445",1976,8,1,0,18,36,1940
"446",1976,10,1,0,16,46,1930
"447",1976,8,1,0,14,21,1955
"448",1976,5,1,0,12,46,1930
"449",1976,10,0,0,15,26,1950
"450",1976,6,0,0,9,61,1915
"451",1976,6,1,0,5,76,1900
"452",1976,6,0,0,12,61,1915
"453",1976,9,1,0,12,41,1935
"454",1976,4,0,0,12,46,1930
"455",1976,5,0,0,12,51,1925
"456",1976,4,0,0,12,36,1940
"457",1976,4,1,0,13,21,1955
"458",1976,6,0,0,12,66,1910
"459",1976,6,1,0,12,36,1940
"460",1976,7,0,0,14,21,1955
"461",1976,7,0,0,10,41,1935
"462",1976,8,1,0,12,41,1935
"463",1976,10,0,0,11,61,1915
"464",1976,5,1,0,10,31,1945
"465",1976,6,1,0,13,31,1945
"466",1976,6,0,0,15,26,1950
"467",1976,4,0,0,11,46,1930
"468",1976,5,1,0,11,21,1955
"469",1976,7,0,0,16,76,1900
"470",1976,6,1,0,12,21,1955
"471",1976,5,0,1,11,21,1955
"472",1976,7,1,1,12,36,1940
"473",1976,5,0,0,4,56,1920
"474",1976,6,1,0,16,56,1920
"475",1976,6,1,0,12,36,1940
"476",1976,6,1,0,16,26,1950
"477",1976,6,0,0,10,41,1935
"478",1976,7,0,0,14,46,1930
"479",1976,7,1,0,15,26,1950
"480",1976,6,1,0,12,51,1925
"481",1976,10,0,0,14,21,1955
"482",1976,6,0,0,12,46,1930
"483",1976,5,1,0,11,26,1950
"484",1976,6,1,0,14,41,1935
"485",1976,9,0,0,16,51,1925
"486",1976,8,1,0,12,51,1925
"487",1976,9,1,0,17,61,1915
"488",1976,6,1,0,12,56,1920
"489",1976,7,1,0,13,61,1915
"490",1976,9,0,0,13,56,1920
"491",1976,7,1,0,12,41,1935
"492",1976,4,1,0,13,21,1955
"493",1976,4,0,0,13,36,1940
"494",1976,6,1,0,12,46,1930
"495",1976,3,0,0,12,36,1940
"496",1976,5,0,0,12,21,1955
"497",1976,6,1,0,12,41,1935
"498",1976,5,0,0,8,56,1920
"499",1976,3,0,0,8,71,1905
"500",1976,7,1,0,12,46,1930
"501",1976,7,0,0,10,81,1895
"502",1976,3,0,0,12,26,1950
"503",1976,3,0,0,8,56,1920
"504",1976,6,1,0,8,66,1910
"505",1976,1,1,0,12,51,1925
"506",1976,6,1,1,9,76,1900
"507",1976,5,1,0,10,76,1900
"508",1976,3,1,0,9,26,1950
"509",1976,10,0,0,12,66,1910
"510",1976,10,1,0,12,61,1915
"511",1976,10,0,0,16,26,1950
"512",1976,6,0,0,8,71,1905
"513",1976,4,1,0,12,26,1950
"514",1976,5,1,0,8,61,1915
"515",1976,9,1,0,15,61,1915
"516",1976,3,1,0,8,81,1895
"517",1976,9,1,0,15,76,1900
"518",1976,6,0,0,18,31,1945
"519",1976,4,1,0,10,46,1930
"520",1976,7,0,0,14,21,1955
"521",1976,4,1,1,10,26,1950
"522",1976,6,0,0,13,71,1905
"523",1976,4,0,0,12,21,1955
"524",1976,3,0,0,10,41,1935
"525",1976,5,1,0,10,56,1920
"526",1976,5,0,0,14,26,1950
"527",1976,2,0,0,11,21,1955
"528",1976,10,1,0,14,26,1950
"529",1976,6,0,0,12,31,1945
"530",1976,6,0,0,11,56,1920
"531",1976,7,0,0,9,51,1925
"532",1976,1,0,0,12,21,1955
"533",1976,9,0,0,17,61,1915
"534",1976,5,0,0,13,21,1955
"535",1976,6,1,0,12,51,1925
"536",1976,5,1,0,17,26,1950
"537",1976,2,1,0,12,82,1894
"538",1976,7,0,0,13,36,1940
"539",1976,6,1,1,16,36,1940
"540",1976,4,0,0,12,31,1945
"541",1976,4,1,0,8,81,1895
"542",1976,6,0,0,14,26,1950
"543",1976,9,1,0,13,61,1915
"544",1976,9,1,0,14,41,1935
"545",1976,6,1,0,12,41,1935
"546",1976,5,0,0,13,36,1940
"547",1976,9,0,0,20,56,1920
"548",1976,8,0,0,17,36,1940
"549",1976,6,1,0,12,41,1935
"550",1976,7,1,0,12,31,1945
"551",1976,5,1,0,12,26,1950
"552",1976,7,0,0,12,66,1910
"553",1976,7,0,0,15,26,1950
"554",1976,9,0,0,16,51,1925
"555",1976,7,1,0,15,21,1955
"556",1976,7,0,1,10,76,1900
"557",1976,7,0,0,8,56,1920
"558",1976,4,0,0,12,26,1950
"559",1976,5,1,0,12,21,1955
"560",1976,3,0,0,10,76,1900
"561",1976,9,1,0,12,41,1935
"562",1976,4,0,0,11,31,1945
"563",1976,9,0,0,9,76,1900
"564",1976,9,1,0,12,46,1930
"565",1976,3,0,0,8,76,1900
"566",1976,8,0,0,16,41,1935
"567",1976,3,0,0,12,61,1915
"568",1976,6,0,0,12,36,1940
"569",1976,6,1,0,13,26,1950
"570",1976,4,0,0,9,31,1945
"571",1976,3,1,0,3,31,1945
"572",1976,3,1,0,8,36,1940
"573",1976,6,0,0,7,66,1910
"574",1976,6,1,0,12,36,1940
"575",1976,7,0,0,13,76,1900
"576",1978,7,0,0,7,53,1925
"577",1978,6,0,0,14,43,1935
"578",1978,10,0,0,15,43,1935
"579",1978,3,1,0,10,73,1905
"580",1978,10,0,0,14,58,1920
"581",1978,10,1,0,16,33,1945
"582",1978,6,1,0,5,73,1905
"583",1978,5,0,0,9,63,1915
"584",1978,7,0,0,12,48,1930
"585",1978,7,1,1,12,38,1940
"586",1978,0,1,1,4,63,1915
"587",1978,3,1,1,12,23,1955
"588",1978,2,1,0,11,18,1960
"589",1978,4,1,0,11,23,1955
"590",1978,9,1,0,12,53,1925
"591",1978,4,0,0,7,73,1905
"592",1978,7,0,0,12,28,1950
"593",1978,4,0,1,13,33,1945
"594",1978,10,1,0,18,28,1950
"595",1978,7,0,0,12,53,1925
"596",1978,3,0,0,10,28,1950
"597",1978,6,1,0,11,18,1960
"598",1978,10,1,0,11,78,1900
"599",1978,5,0,0,12,28,1950
"600",1978,3,1,0,9,48,1930
"601",1978,4,1,0,6,63,1915
"602",1978,10,1,0,16,33,1945
"603",1978,3,0,0,4,78,1900
"604",1978,10,1,0,13,38,1940
"605",1978,8,1,0,17,28,1950
"606",1978,5,1,0,12,33,1945
"607",1978,6,1,0,12,68,1910
"608",1978,6,1,0,9,68,1910
"609",1978,9,1,0,16,48,1930
"610",1978,4,1,1,8,58,1920
"611",1978,5,0,0,9,43,1935
"612",1978,10,1,0,17,38,1940
"613",1978,6,0,0,12,23,1955
"614",1978,8,0,0,17,43,1935
"615",1978,6,1,0,12,23,1955
"616",1978,7,0,0,16,28,1950
"617",1978,6,1,0,10,43,1935
"618",1978,6,1,0,12,23,1955
"619",1978,10,1,0,18,43,1935
"620",1978,7,1,0,14,23,1955
"621",1978,8,1,0,12,58,1920
"622",1978,10,1,0,17,43,1935
"623",1978,8,1,0,14,83,1895
"624",1978,8,1,0,16,28,1950
"625",1978,5,1,0,12,38,1940
"626",1978,3,1,0,5,58,1920
"627",1978,4,0,0,12,48,1930
"628",1978,9,0,0,14,43,1935
"629",1978,7,1,0,12,63,1915
"630",1978,7,0,1,13,23,1955
"631",1978,3,0,1,12,53,1925
"632",1978,3,1,0,5,33,1945
"633",1978,2,1,0,8,58,1920
"634",1978,3,0,0,10,28,1950
"635",1978,3,0,0,12,28,1950
"636",1978,4,0,0,8,43,1935
"637",1978,3,1,0,12,48,1930
"638",1978,6,1,0,12,48,1930
"639",1978,6,1,0,12,48,1930
"640",1978,5,1,0,8,38,1940
"641",1978,5,1,0,13,38,1940
"642",1978,3,1,0,8,38,1940
"643",1978,4,1,0,12,28,1950
"644",1978,6,1,1,11,23,1955
"645",1978,8,1,0,13,48,1930
"646",1978,10,1,0,19,28,1950
"647",1978,8,1,0,14,43,1935
"648",1978,8,1,0,12,23,1955
"649",1978,6,0,0,12,23,1955
"650",1978,2,1,0,6,28,1950
"651",1978,10,0,0,15,43,1935
"652",1978,2,0,0,6,58,1920
"653",1978,6,0,0,12,33,1945
"654",1978,5,0,0,12,43,1935
"655",1978,3,0,0,9,68,1910
"656",1978,4,1,0,8,33,1945
"657",1978,4,1,0,7,38,1940
"658",1978,6,0,0,12,28,1950
"659",1978,1,0,0,10,38,1940
"660",1978,9,0,0,12,23,1955
"661",1978,5,0,0,12,23,1955
"662",1978,3,1,0,8,73,1905
"663",1978,7,0,0,13,23,1955
"664",1978,5,1,0,13,33,1945
"665",1978,6,1,0,12,33,1945
"666",1978,6,0,0,12,58,1920
"667",1978,7,1,0,12,58,1920
"668",1978,4,0,0,8,83,1895
"669",1978,9,1,0,16,38,1940
"670",1978,5,1,0,11,18,1960
"671",1978,6,1,0,11,48,1930
"672",1978,6,0,0,12,33,1945
"673",1978,6,1,0,12,38,1940
"674",1978,7,0,0,8,63,1915
"675",1978,3,1,0,8,53,1925
"676",1978,4,0,0,12,63,1915
"677",1978,6,0,0,11,53,1925
"678",1978,7,0,0,8,53,1925
"679",1978,3,0,0,6,43,1935
"680",1978,6,1,0,11,28,1950
"681",1978,2,0,0,9,28,1950
"682",1978,6,1,0,17,33,1945
"683",1978,6,0,0,13,48,1930
"684",1978,5,1,0,12,33,1945
"685",1978,4,1,0,8,63,1915
"686",1978,1,0,1,4,58,1920
"687",1978,0,1,0,11,73,1905
"688",1978,5,1,0,7,68,1910
"689",1978,6,0,0,14,43,1935
"690",1978,8,1,0,8,73,1905
"691",1978,6,1,0,16,73,1905
"692",1978,9,1,0,12,23,1955
"693",1978,6,1,0,10,33,1945
"694",1978,3,1,0,8,48,1930
"695",1978,7,0,0,12,28,1950
"696",1978,5,0,0,12,33,1945
"697",1978,5,0,0,13,23,1955
"698",1978,6,0,0,8,68,1910
"699",1978,6,1,0,8,78,1900
"700",1978,5,0,0,12,33,1945
"701",1978,4,0,0,2,63,1915
"702",1978,5,1,0,10,38,1940
"703",1978,4,0,0,12,23,1955
"704",1978,6,0,0,13,28,1950
"705",1978,8,1,0,11,38,1940
"706",1978,5,1,1,10,23,1955
"707",1978,1,0,0,9,58,1920
"708",1978,5,0,0,12,53,1925
"709",1978,5,1,0,10,18,1960
"710",1978,2,1,0,8,83,1895
"711",1978,4,1,0,9,58,1920
"712",1978,2,0,0,14,48,1930
"713",1978,8,1,0,16,28,1950
"714",1978,9,0,0,13,58,1920
"715",1978,5,1,0,8,68,1910
"716",1978,10,0,0,20,53,1925
"717",1978,7,1,0,11,38,1940
"718",1978,3,0,1,12,53,1925
"719",1978,9,0,0,14,23,1955
"720",1978,5,0,0,8,58,1920
"721",1978,8,0,0,15,23,1955
"722",1978,5,0,1,10,48,1930
"723",1978,6,0,0,15,23,1955
"724",1978,4,1,1,14,33,1945
"725",1978,5,0,0,8,78,1900
"726",1978,10,1,0,12,53,1925
"727",1978,5,0,1,10,48,1930
"728",1978,4,1,1,8,78,1900
"729",1978,9,1,0,16,58,1920
"730",1978,6,1,0,12,58,1920
"731",1978,6,1,0,12,78,1900
"732",1978,5,0,1,11,58,1920
"733",1978,6,1,1,12,28,1950
"734",1978,8,1,0,16,23,1955
"735",1978,4,1,0,11,28,1950
"736",1978,4,0,0,12,33,1945
"737",1978,6,1,1,11,53,1925
"738",1978,5,1,1,7,68,1910
"739",1978,5,1,0,12,28,1950
"740",1978,6,1,1,16,28,1950
"741",1978,9,1,0,12,58,1920
"742",1978,10,0,0,19,48,1930
"743",1978,6,0,0,12,28,1950
"744",1978,7,1,0,16,38,1940
"745",1978,8,0,0,12,63,1915
"746",1978,7,1,0,11,23,1955
"747",1978,7,1,0,12,23,1955
"748",1978,4,1,0,12,28,1950
"749",1978,8,1,0,16,78,1900
"750",1978,7,1,0,10,28,1950
"751",1978,9,1,0,8,38,1940
"752",1978,7,1,0,12,23,1955
"753",1978,6,1,0,11,18,1960
"754",1978,6,1,1,8,84,1894
"755",1978,10,0,0,16,43,1935
"756",1978,9,1,0,12,63,1915
"757",1978,8,0,0,19,28,1950
"758",1978,9,0,0,16,38,1940
"759",1978,4,0,0,14,28,1950
"760",1978,6,0,0,13,38,1940
"761",1978,5,0,0,12,28,1950
"762",1978,7,1,0,15,33,1945
"763",1978,6,1,0,14,33,1945
"764",1978,9,0,0,14,33,1945
"765",1978,9,0,0,16,58,1920
"766",1978,4,1,0,14,28,1950
"767",1978,7,1,0,16,33,1945
"768",1978,5,1,0,13,28,1950
"769",1978,6,1,0,14,33,1945
"770",1978,5,0,0,8,53,1925
"771",1978,6,1,0,10,38,1940
"772",1978,8,1,0,12,28,1950
"773",1978,4,1,0,9,33,1945
"774",1978,1,1,0,10,73,1905
"775",1978,5,0,0,12,23,1955
"776",1978,9,0,0,10,68,1910
"777",1978,3,1,0,8,38,1940
"778",1978,6,1,0,12,43,1935
"779",1978,4,1,0,8,53,1925
"780",1978,4,1,0,10,33,1945
"781",1978,7,1,0,14,23,1955
"782",1978,9,0,0,20,28,1950
"783",1978,6,1,1,14,23,1955
"784",1978,5,1,1,13,43,1935
"785",1978,8,0,0,15,23,1955
"786",1978,6,1,0,12,53,1925
"787",1978,7,1,0,10,58,1920
"788",1978,2,0,0,1,48,1930
"789",1978,2,0,0,7,48,1930
"790",1978,7,1,0,16,23,1955
"791",1978,10,1,0,12,53,1925
"792",1978,9,1,0,11,18,1960
"793",1978,5,1,0,12,63,1915
"794",1978,9,1,0,18,43,1935
"795",1978,4,1,0,8,68,1910
"796",1978,8,1,0,14,53,1925
"797",1978,8,0,0,19,78,1900
"798",1978,4,0,0,12,43,1935
"799",1978,5,0,0,12,73,1905
"800",1978,6,1,0,13,28,1950
"801",1978,7,0,1,15,38,1940
"802",1978,10,1,0,18,33,1945
"803",1978,6,0,0,14,43,1935
"804",1978,9,1,0,15,58,1920
"805",1978,9,1,0,16,23,1955
"806",1978,4,0,0,12,83,1895
"807",1978,6,0,0,10,53,1925
"808",1978,6,1,0,11,38,1940
"809",1978,6,1,0,16,73,1905
"810",1978,7,0,0,12,23,1955
"811",1978,9,1,0,13,23,1955
"812",1978,6,1,1,11,53,1925
"813",1978,7,1,0,12,58,1920
"814",1978,9,1,0,14,68,1910
"815",1978,8,1,0,15,58,1920
"816",1978,6,1,0,8,68,1910
"817",1978,10,0,0,15,33,1945
"818",1978,8,0,0,16,38,1940
"819",1978,5,1,0,11,23,1955
"820",1978,6,0,0,10,53,1925
"821",1978,8,0,0,12,38,1940
"822",1978,6,1,0,12,28,1950
"823",1978,6,0,0,10,68,1910
"824",1978,7,1,0,14,58,1920
"825",1978,4,1,0,12,23,1955
"826",1978,7,0,0,14,33,1945
"827",1978,6,0,0,13,43,1935
"828",1978,5,0,0,6,53,1925
"829",1978,6,1,0,12,43,1935
"830",1978,4,0,0,7,73,1905
"831",1978,3,1,1,11,18,1960
"832",1978,6,0,0,12,68,1910
"833",1978,4,1,0,11,73,1905
"834",1978,4,1,0,9,73,1905
"835",1978,8,1,0,12,23,1955
"836",1978,5,1,0,13,33,1945
"837",1978,8,0,0,16,28,1950
"838",1978,7,1,0,12,23,1955
"839",1978,10,1,0,12,68,1910
"840",1978,4,0,0,12,43,1935
"841",1978,5,1,0,12,23,1955
"842",1978,4,0,0,9,58,1920
"843",1978,5,1,0,13,28,1950
"844",1978,4,1,0,12,33,1945
"845",1978,4,1,0,8,73,1905
"846",1978,5,0,0,8,48,1930
"847",1978,7,1,0,12,38,1940
"848",1978,7,0,0,12,43,1935
"849",1978,7,1,0,16,28,1950
"850",1978,10,0,0,18,33,1945
"851",1978,6,0,0,12,23,1955
"852",1978,5,1,0,13,28,1950
"853",1978,5,1,0,11,63,1915
"854",1978,3,0,0,12,23,1955
"855",1978,5,0,0,8,43,1935
"856",1978,6,1,0,8,63,1915
"857",1978,5,0,0,8,48,1930
"858",1978,1,1,0,9,28,1950
"859",1978,6,0,0,15,58,1920
"860",1978,6,1,0,12,33,1945
"861",1978,6,0,0,14,33,1945
"862",1978,1,0,0,0,84,1894
"863",1978,6,1,0,10,68,1910
"864",1978,6,0,0,10,33,1945
"865",1978,5,1,0,12,38,1940
"866",1982,7,1,0,15,27,1955
"867",1982,7,1,0,8,57,1925
"868",1982,8,1,1,12,57,1925
"869",1982,6,0,0,14,32,1950
"870",1982,8,1,0,16,32,1950
"871",1982,6,1,0,13,82,1900
"872",1982,2,1,0,12,88,1894
"873",1982,5,0,0,15,32,1950
"874",1982,5,1,1,12,22,1960
"875",1982,9,0,0,17,52,1930
"876",1982,7,1,1,18,32,1950
"877",1982,2,1,1,12,37,1945
"878",1982,6,0,0,10,37,1945
"879",1982,6,1,0,11,47,1935
"880",1982,7,1,0,12,42,1940
"881",1982,6,0,0,16,27,1955
"882",1982,8,0,0,12,27,1955
"883",1982,8,1,0,14,27,1955
"884",1982,7,0,0,12,27,1955
"885",1982,7,1,0,12,47,1935
"886",1982,8,1,0,12,37,1945
"887",1982,6,0,0,11,57,1925
"888",1982,8,1,0,12,62,1920
"889",1982,9,1,0,11,87,1895
"890",1982,6,0,0,12,67,1915
"891",1982,7,0,0,12,42,1940
"892",1982,10,1,0,19,42,1940
"893",1982,7,1,0,12,72,1910
"894",1982,9,1,0,12,22,1960
"895",1982,6,0,0,13,22,1960
"896",1982,3,0,1,12,52,1930
"897",1982,8,1,0,14,62,1920
"898",1982,5,1,0,11,47,1935
"899",1982,7,1,0,17,47,1935
"900",1982,9,1,0,14,32,1950
"901",1982,6,1,0,14,22,1960
"902",1982,7,1,0,12,72,1910
"903",1982,6,1,0,12,32,1950
"904",1982,4,0,0,12,37,1945
"905",1982,5,0,0,16,27,1955
"906",1982,7,0,0,16,32,1950
"907",1982,7,1,0,12,32,1950
"908",1982,7,0,0,12,37,1945
"909",1982,8,0,0,13,72,1910
"910",1982,6,1,1,12,27,1955
"911",1982,8,0,0,18,27,1955
"912",1982,6,0,0,15,22,1960
"913",1982,7,1,0,16,52,1930
"914",1982,6,1,0,13,22,1960
"915",1982,9,1,0,19,57,1925
"916",1982,4,0,1,9,32,1950
"917",1982,6,1,1,6,57,1925
"918",1982,8,0,0,14,27,1955
"919",1982,4,1,1,8,47,1935
"920",1982,8,0,0,16,27,1955
"921",1982,4,0,1,14,27,1955
"922",1982,3,1,1,12,22,1960
"923",1982,2,1,0,7,27,1955
"924",1982,4,0,0,14,32,1950
"925",1982,7,1,0,16,22,1960
"926",1982,5,0,0,7,67,1915
"927",1982,1,1,1,9,47,1935
"928",1982,3,0,0,13,52,1930
"929",1982,5,0,0,9,22,1960
"930",1982,7,1,1,10,47,1935
"931",1982,6,1,0,7,57,1925
"932",1982,7,1,0,16,57,1925
"933",1982,6,1,0,10,72,1910
"934",1982,9,1,0,9,67,1915
"935",1982,8,0,0,13,37,1945
"936",1982,10,0,0,10,67,1915
"937",1982,8,1,0,12,57,1925
"938",1982,0,0,0,3,37,1945
"939",1982,8,1,0,12,52,1930
"940",1982,9,1,0,12,32,1950
"941",1982,5,0,0,8,42,1940
"942",1982,6,0,1,6,52,1930
"943",1982,6,1,0,11,32,1950
"944",1982,7,1,0,18,67,1915
"945",1982,3,1,0,12,27,1955
"946",1982,5,1,0,9,77,1905
"947",1982,4,1,0,6,77,1905
"948",1982,4,1,0,10,52,1930
"949",1982,7,1,0,12,57,1925
"950",1982,7,0,0,13,37,1945
"951",1982,9,1,0,12,32,1950
"952",1982,7,0,0,12,42,1940
"953",1982,4,1,0,5,62,1920
"954",1982,6,0,0,12,52,1930
"955",1982,8,1,0,14,22,1960
"956",1982,7,1,0,14,22,1960
"957",1982,2,0,0,12,27,1955
"958",1982,4,1,0,11,27,1955
"959",1982,5,0,0,10,32,1950
"960",1982,5,0,0,12,67,1915
"961",1982,8,0,0,12,37,1945
"962",1982,5,1,0,12,47,1935
"963",1982,6,1,0,13,37,1945
"964",1982,5,1,0,12,37,1945
"965",1982,6,0,0,12,47,1935
"966",1982,8,0,0,12,32,1950
"967",1982,7,0,0,10,47,1935
"968",1982,1,1,0,11,77,1905
"969",1982,7,1,0,10,42,1940
"970",1982,6,1,0,12,42,1940
"971",1982,7,1,0,10,42,1940
"972",1982,10,0,0,16,32,1950
"973",1982,6,0,0,8,62,1920
"974",1982,5,1,0,10,37,1945
"975",1982,4,0,0,12,22,1960
"976",1982,5,0,0,12,42,1940
"977",1982,3,0,0,8,27,1955
"978",1982,7,1,0,10,42,1940
"979",1982,6,1,0,12,52,1930
"980",1982,10,0,0,17,37,1945
"981",1982,7,1,0,13,32,1950
"982",1982,5,1,0,12,82,1900
"983",1982,6,0,0,12,47,1935
"984",1982,3,0,0,12,67,1915
"985",1982,6,1,0,13,27,1955
"986",1982,6,1,0,12,32,1950
"987",1982,4,1,0,6,67,1915
"988",1982,7,1,0,12,52,1930
"989",1982,1,0,0,5,57,1925
"990",1982,3,1,1,11,42,1940
"991",1982,6,1,0,12,22,1960
"992",1982,5,1,0,12,72,1910
"993",1982,9,1,0,18,42,1940
"994",1982,10,1,0,18,42,1940
"995",1982,5,1,0,12,52,1930
"996",1982,7,0,0,11,32,1950
"997",1982,9,1,0,12,37,1945
"998",1982,9,0,0,12,52,1930
"999",1982,5,0,0,11,22,1960
"1000",1982,5,0,0,11,57,1925
"1001",1982,6,1,0,11,22,1960
"1002",1982,9,1,0,11,88,1894
"1003",1982,6,1,0,14,57,1925
"1004",1982,9,1,0,16,42,1940
"1005",1982,8,0,0,12,62,1920
"1006",1982,9,1,1,11,42,1940
"1007",1982,5,1,0,13,27,1955
"1008",1982,4,1,1,12,57,1925
"1009",1982,6,1,0,13,32,1950
"1010",1982,9,1,0,14,42,1940
"1011",1982,5,1,0,12,37,1945
"1012",1982,8,1,0,12,47,1935
"1013",1982,6,1,0,12,57,1925
"1014",1982,8,1,0,13,52,1930
"1015",1982,8,1,0,16,47,1935
"1016",1982,6,0,1,12,27,1955
"1017",1982,9,1,1,8,37,1945
"1018",1982,7,0,0,16,42,1940
"1019",1982,9,1,0,15,57,1925
"1020",1982,6,0,0,12,27,1955
"1021",1982,7,1,0,8,77,1905
"1022",1982,6,0,0,13,32,1950
"1023",1982,5,1,0,12,88,1894
"1024",1982,6,0,0,6,57,1925
"1025",1982,6,1,0,14,37,1945
"1026",1982,5,1,0,11,47,1935
"1027",1982,6,1,0,12,37,1945
"1028",1982,6,1,0,13,27,1955
"1029",1982,5,1,1,6,62,1920
"1030",1982,5,1,0,10,52,1930
"1031",1982,5,1,0,9,22,1960
"1032",1982,7,1,0,12,27,1955
"1033",1982,10,0,0,18,72,1910
"1034",1982,9,1,0,14,47,1935
"1035",1982,6,0,0,12,27,1955
"1036",1982,5,1,0,12,32,1950
"1037",1982,6,0,0,12,52,1930
"1038",1982,4,0,0,12,27,1955
"1039",1982,6,1,1,16,47,1935
"1040",1982,10,0,0,20,52,1930
"1041",1982,7,0,0,16,32,1950
"1042",1982,7,0,0,12,32,1950
"1043",1982,6,1,0,10,67,1915
"1044",1982,4,1,0,14,32,1950
"1045",1982,9,0,0,13,42,1940
"1046",1982,6,0,1,13,77,1905
"1047",1982,7,1,0,11,67,1915
"1048",1982,3,1,0,12,27,1955
"1049",1982,7,1,0,17,52,1930
"1050",1982,7,1,0,11,22,1960
"1051",1982,6,0,0,14,57,1925
"1052",1982,10,0,0,16,37,1945
"1053",1982,6,1,1,15,47,1935
"1054",1982,6,1,0,12,32,1950
"1055",1982,3,0,0,12,27,1955
"1056",1982,1,0,1,12,42,1940
"1057",1982,6,0,0,12,22,1960
"1058",1982,5,0,0,12,27,1955
"1059",1982,9,0,0,19,42,1940
"1060",1982,7,1,0,14,72,1910
"1061",1982,2,1,0,12,62,1920
"1062",1982,3,1,0,12,22,1960
"1063",1982,4,0,0,8,32,1950
"1064",1982,6,0,0,12,22,1960
"1065",1982,2,1,0,11,22,1960
"1066",1982,6,1,0,14,22,1960
"1067",1982,6,0,0,16,27,1955
"1068",1982,7,1,0,16,27,1955
"1069",1982,3,1,1,11,27,1955
"1070",1982,5,1,0,12,52,1930
"1071",1982,6,0,0,12,37,1945
"1072",1982,6,1,0,13,57,1925
"1073",1982,1,1,1,9,22,1960
"1074",1982,3,0,1,4,67,1915
"1075",1982,3,1,1,8,72,1910
"1076",1982,4,1,0,8,62,1920
"1077",1982,7,1,0,8,77,1905
"1078",1982,4,0,0,11,82,1900
"1079",1982,7,1,0,8,67,1915
"1080",1982,5,0,0,13,37,1945
"1081",1982,8,1,0,14,62,1920
"1082",1982,7,1,1,13,32,1950
"1083",1982,7,0,0,12,72,1910
"1084",1982,5,0,0,16,27,1955
"1085",1982,7,0,0,12,27,1955
"1086",1982,6,1,0,11,77,1905
"1087",1982,10,0,0,14,47,1935
"1088",1982,2,1,0,14,52,1930
"1089",1982,6,1,0,15,27,1955
"1090",1982,4,1,0,12,22,1960
"1091",1982,5,1,0,14,82,1900
"1092",1982,10,0,0,13,67,1915
"1093",1982,2,1,0,11,77,1905
"1094",1982,6,1,0,12,27,1955
"1095",1982,6,0,0,12,52,1930
"1096",1982,9,0,0,16,32,1950
"1097",1982,8,0,0,14,27,1955
"1098",1982,10,1,0,15,52,1930
"1099",1982,6,1,0,12,27,1955
"1100",1982,6,1,0,8,72,1910
"1101",1982,6,0,0,12,27,1955
"1102",1982,3,1,0,10,42,1940
"1103",1982,7,1,0,9,52,1930
"1104",1982,6,0,0,10,27,1955
"1105",1982,9,1,0,12,52,1930
"1106",1982,5,1,0,12,37,1945
"1107",1982,7,0,0,17,27,1955
"1108",1982,9,1,0,16,42,1940
"1109",1982,2,1,0,12,57,1925
"1110",1982,7,1,0,14,77,1905
"1111",1982,7,0,0,16,27,1955
"1112",1982,4,1,1,12,37,1945
"1113",1982,8,1,0,12,27,1955
"1114",1982,4,1,0,12,32,1950
"1115",1982,3,1,0,8,82,1900
"1116",1982,9,0,0,13,37,1945
"1117",1982,9,1,0,11,62,1920
"1118",1982,6,1,0,11,52,1930
"1119",1982,3,0,0,11,72,1910
"1120",1982,5,0,0,13,37,1945
"1121",1982,7,0,0,11,67,1915
"1122",1982,5,0,0,12,62,1920
"1123",1982,4,0,0,8,87,1895
"1124",1982,6,0,0,9,62,1920
"1125",1982,4,1,0,11,67,1915
"1126",1982,4,0,0,5,67,1915
"1127",1982,7,1,0,17,62,1920
"1128",1982,6,1,0,17,27,1955
"1129",1982,6,1,0,12,52,1930
"1130",1982,6,1,0,14,77,1905
"1131",1982,6,0,0,10,32,1950
"1132",1982,3,1,0,10,57,1925
"1133",1982,5,1,0,11,22,1960
"1134",1982,3,0,1,11,27,1955
"1135",1982,10,0,1,14,37,1945
"1136",1982,2,1,1,10,27,1955
"1137",1982,3,0,1,11,22,1960
"1138",1982,4,1,1,9,27,1955
"1139",1982,2,1,1,11,22,1960
"1140",1982,2,1,1,6,87,1895
"1141",1982,6,0,1,10,67,1915
"1142",1982,6,1,1,16,27,1955
"1143",1982,4,0,1,12,27,1955
"1144",1982,7,0,1,10,47,1935
"1145",1982,2,1,1,14,22,1960
"1146",1982,6,1,1,8,52,1930
"1147",1982,6,1,1,14,37,1945
"1148",1982,6,1,1,9,22,1960
"1149",1982,6,1,1,18,32,1950
"1150",1982,3,1,1,13,72,1910
"1151",1982,9,0,1,14,37,1945
"1152",1982,5,0,1,12,57,1925
"1153",1982,4,0,1,12,27,1955
"1154",1982,5,0,1,11,47,1935
"1155",1982,4,1,1,12,22,1960
"1156",1982,4,1,1,11,32,1950
"1157",1982,6,0,1,8,62,1920
"1158",1982,2,1,1,10,37,1945
"1159",1982,3,0,1,9,52,1930
"1160",1982,6,1,1,12,52,1930
"1161",1982,7,1,1,14,37,1945
"1162",1982,7,0,1,12,47,1935
"1163",1982,8,0,1,16,47,1935
"1164",1982,8,0,1,11,22,1960
"1165",1982,3,1,1,8,37,1945
"1166",1982,2,1,1,16,27,1955
"1167",1982,2,0,1,11,32,1950
"1168",1982,8,1,1,17,52,1930
"1169",1982,5,0,1,19,52,1930
"1170",1982,3,1,1,3,67,1915
"1171",1982,7,0,1,16,62,1920
"1172",1982,7,0,1,18,77,1905
"1173",1982,4,1,1,12,27,1955
"1174",1982,3,1,1,11,62,1920
"1175",1982,5,0,1,12,27,1955
"1176",1982,7,0,1,14,32,1950
"1177",1982,0,1,1,12,27,1955
"1178",1982,7,1,1,11,37,1945
"1179",1982,7,1,1,12,47,1935
"1180",1982,7,1,1,11,37,1945
"1181",1982,4,1,1,12,22,1960
"1182",1982,7,1,1,12,62,1920
"1183",1982,7,1,1,16,37,1945
"1184",1982,6,0,1,12,32,1950
"1185",1982,7,0,1,10,27,1955
"1186",1982,7,1,1,12,37,1945
"1187",1982,4,0,1,12,27,1955
"1188",1982,8,1,1,12,27,1955
"1189",1982,9,1,1,15,32,1950
"1190",1982,6,1,1,14,27,1955
"1191",1982,8,1,1,14,37,1945
"1192",1982,5,1,1,14,57,1925
"1193",1982,5,0,1,10,42,1940
"1194",1982,2,1,1,12,22,1960
"1195",1982,5,0,1,12,27,1955
"1196",1982,7,1,1,12,37,1945
"1197",1982,0,1,1,12,27,1955
"1198",1984,9,0,0,12,19,1965
"1199",1984,5,0,1,12,49,1935
"1200",1984,2,0,0,8,84,1900
"1201",1984,5,1,0,11,19,1965
"1202",1984,6,1,1,12,44,1940
"1203",1984,6,1,0,16,39,1945
"1204",1984,7,0,0,12,34,1950
"1205",1984,7,0,0,14,39,1945
"1206",1984,6,0,0,13,24,1960
"1207",1984,5,1,0,11,64,1920
"1208",1984,7,1,0,14,29,1955
"1209",1984,6,0,0,17,24,1960
"1210",1984,6,1,0,8,89,1895
"1211",1984,5,0,0,9,44,1940
"1212",1984,7,1,0,10,59,1925
"1213",1984,2,1,1,8,44,1940
"1214",1984,2,0,1,11,24,1960
"1215",1984,4,1,1,15,64,1920
"1216",1984,10,0,0,20,44,1940
"1217",1984,8,1,0,12,54,1930
"1218",1984,4,1,1,12,29,1955
"1219",1984,5,1,0,16,44,1940
"1220",1984,5,1,0,12,44,1940
"1221",1984,4,0,0,11,24,1960
"1222",1984,4,0,1,11,54,1930
"1223",1984,6,0,0,14,39,1945
"1224",1984,9,1,0,12,44,1940
"1225",1984,4,0,0,12,49,1935
"1226",1984,6,0,0,14,34,1950
"1227",1984,6,1,0,14,54,1930
"1228",1984,5,0,0,9,19,1965
"1229",1984,6,0,0,12,24,1960
"1230",1984,4,0,0,16,59,1925
"1231",1984,7,0,0,18,29,1955
"1232",1984,10,0,0,16,49,1935
"1233",1984,7,1,0,15,29,1955
"1234",1984,5,1,0,14,19,1965
"1235",1984,5,1,1,14,24,1960
"1236",1984,8,0,0,17,49,1935
"1237",1984,5,1,0,12,84,1900
"1238",1984,6,0,0,14,49,1935
"1239",1984,10,0,0,16,44,1940
"1240",1984,8,1,0,16,34,1950
"1241",1984,3,0,0,11,19,1965
"1242",1984,4,1,0,8,64,1920
"1243",1984,9,0,0,20,49,1935
"1244",1984,1,1,0,8,54,1930
"1245",1984,7,0,1,13,49,1935
"1246",1984,7,1,0,12,39,1945
"1247",1984,5,0,1,12,19,1965
"1248",1984,9,1,0,10,74,1910
"1249",1984,6,1,0,14,29,1955
"1250",1984,9,1,0,14,39,1945
"1251",1984,4,1,0,12,29,1955
"1252",1984,5,0,0,9,34,1950
"1253",1984,3,0,0,7,19,1965
"1254",1984,5,1,0,13,29,1955
"1255",1984,5,1,0,10,44,1940
"1256",1984,4,1,0,14,24,1960
"1257",1984,7,1,0,10,69,1915
"1258",1984,9,1,0,14,24,1960
"1259",1984,5,0,0,12,24,1960
"1260",1984,8,1,0,12,49,1935
"1261",1984,3,1,1,11,39,1945
"1262",1984,10,1,0,12,69,1915
"1263",1984,6,0,0,10,29,1955
"1264",1984,9,0,0,14,39,1945
"1265",1984,8,1,0,12,24,1960
"1266",1984,6,0,0,16,24,1960
"1267",1984,7,1,0,13,24,1960
"1268",1984,9,0,0,12,54,1930
"1269",1984,3,0,0,8,74,1910
"1270",1984,4,1,0,12,24,1960
"1271",1984,7,0,0,12,44,1940
"1272",1984,6,0,0,10,19,1965
"1273",1984,4,0,0,12,19,1965
"1274",1984,10,1,0,16,69,1915
"1275",1984,10,1,0,16,39,1945
"1276",1984,5,1,0,12,24,1960
"1277",1984,6,1,0,12,44,1940
"1278",1984,4,1,0,10,49,1935
"1279",1984,5,1,1,12,39,1945
"1280",1984,8,1,0,8,74,1910
"1281",1984,8,0,0,16,34,1950
"1282",1984,3,0,0,11,19,1965
"1283",1984,10,1,0,16,64,1920
"1284",1984,3,1,0,12,49,1935
"1285",1984,4,0,0,7,64,1920
"1286",1984,4,0,0,12,44,1940
"1287",1984,2,1,0,10,29,1955
"1288",1984,6,0,0,12,19,1965
"1289",1984,4,1,0,12,24,1960
"1290",1984,6,1,0,16,24,1960
"1291",1984,8,1,0,16,24,1960
"1292",1984,7,1,0,10,24,1960
"1293",1984,7,0,0,15,29,1955
"1294",1984,2,1,0,7,24,1960
"1295",1984,3,0,0,12,24,1960
"1296",1984,7,1,0,14,29,1955
"1297",1984,4,1,0,12,24,1960
"1298",1984,7,1,0,12,49,1935
"1299",1984,7,1,0,15,34,1950
"1300",1984,10,0,0,18,39,1945
"1301",1984,8,1,0,12,29,1955
"1302",1984,3,0,0,7,44,1940
"1303",1984,4,0,0,14,64,1920
"1304",1984,9,1,0,17,39,1945
"1305",1984,10,0,0,12,34,1950
"1306",1984,7,0,0,12,39,1945
"1307",1984,5,0,0,8,59,1925
"1308",1984,8,0,0,12,64,1920
"1309",1984,9,1,0,19,29,1955
"1310",1984,5,1,0,9,59,1925
"1311",1984,9,0,0,20,29,1955
"1312",1984,10,1,0,17,24,1960
"1313",1984,9,1,0,20,89,1895
"1314",1984,8,0,0,12,29,1955
"1315",1984,7,1,0,12,24,1960
"1316",1984,7,1,0,14,89,1895
"1317",1984,4,1,0,13,29,1955
"1318",1984,8,0,0,15,29,1955
"1319",1984,7,1,0,16,24,1960
"1320",1984,9,0,0,20,34,1950
"1321",1984,6,1,0,14,59,1925
"1322",1984,5,0,0,15,34,1950
"1323",1984,3,0,0,9,44,1940
"1324",1984,6,0,1,17,24,1960
"1325",1984,2,1,1,16,34,1950
"1326",1984,3,1,1,11,19,1965
"1327",1984,6,1,0,15,44,1940
"1328",1984,6,1,0,12,69,1915
"1329",1984,2,1,1,12,49,1935
"1330",1984,3,1,1,11,49,1935
"1331",1984,7,1,0,7,59,1925
"1332",1984,5,1,0,9,69,1915
"1333",1984,2,1,0,4,79,1905
"1334",1984,4,1,1,13,29,1955
"1335",1984,8,0,1,10,54,1930
"1336",1984,4,0,0,10,39,1945
"1337",1984,6,0,0,8,79,1905
"1338",1984,6,1,1,10,34,1950
"1339",1984,6,0,0,9,44,1940
"1340",1984,3,0,1,15,89,1895
"1341",1984,2,0,0,12,24,1960
"1342",1984,6,0,0,8,69,1915
"1343",1984,6,1,0,16,54,1930
"1344",1984,1,0,0,11,19,1965
"1345",1984,5,0,0,10,39,1945
"1346",1984,7,0,0,19,59,1925
"1347",1984,9,0,0,14,64,1920
"1348",1984,4,0,0,13,24,1960
"1349",1984,3,1,0,11,59,1925
"1350",1984,5,0,0,12,74,1910
"1351",1984,4,1,0,18,64,1920
"1352",1984,8,0,0,16,44,1940
"1353",1984,5,1,0,12,34,1950
"1354",1984,10,0,0,20,34,1950
"1355",1984,3,1,0,12,39,1945
"1356",1984,6,1,0,15,24,1960
"1357",1984,7,0,0,17,74,1910
"1358",1984,7,0,0,15,24,1960
"1359",1984,3,0,0,11,44,1940
"1360",1984,6,1,0,13,34,1950
"1361",1984,4,0,1,12,24,1960
"1362",1984,5,1,0,14,24,1960
"1363",1984,10,1,0,20,54,1930
"1364",1984,5,0,0,18,34,1950
"1365",1984,7,1,0,17,29,1955
"1366",1984,8,1,0,12,34,1950
"1367",1984,7,1,0,17,24,1960
"1368",1984,9,1,0,19,44,1940
"1369",1984,6,1,0,12,24,1960
"1370",1984,6,1,0,12,59,1925
"1371",1984,10,1,0,14,54,1930
"1372",1984,9,0,0,12,84,1900
"1373",1984,10,1,0,13,34,1950
"1374",1984,5,0,0,11,19,1965
"1375",1984,4,0,0,10,54,1930
"1376",1984,6,0,1,12,59,1925
"1377",1984,8,0,0,16,34,1950
"1378",1984,7,0,0,15,29,1955
"1379",1984,6,1,0,14,29,1955
"1380",1984,8,1,0,15,54,1930
"1381",1984,9,0,0,19,39,1945
"1382",1984,10,0,0,14,39,1945
"1383",1984,8,0,0,13,39,1945
"1384",1984,5,1,0,14,34,1950
"1385",1984,7,0,0,16,29,1955
"1386",1984,10,1,0,18,54,1930
"1387",1984,7,1,0,9,44,1940
"1388",1984,4,0,0,12,39,1945
"1389",1984,8,0,0,18,49,1935
"1390",1984,7,1,0,14,44,1940
"1391",1984,6,1,0,13,24,1960
"1392",1984,10,1,0,16,34,1950
"1393",1984,5,0,0,12,59,1925
"1394",1984,7,1,0,12,74,1910
"1395",1984,5,0,0,8,54,1930
"1396",1984,5,0,0,11,24,1960
"1397",1984,8,0,0,14,34,1950
"1398",1984,7,0,0,12,54,1930
"1399",1984,5,0,0,16,29,1955
"1400",1984,6,1,0,12,34,1950
"1401",1984,7,0,0,12,29,1955
"1402",1984,4,1,0,9,34,1950
"1403",1984,4,0,0,10,19,1965
"1404",1984,6,0,0,8,74,1910
"1405",1984,5,1,0,12,59,1925
"1406",1984,6,0,0,16,29,1955
"1407",1984,8,1,0,12,24,1960
"1408",1984,8,1,0,8,89,1895
"1409",1984,6,1,0,8,79,1905
"1410",1984,6,1,0,12,49,1935
"1411",1984,5,1,0,13,19,1965
"1412",1984,6,1,0,10,74,1910
"1413",1984,10,0,0,19,59,1925
"1414",1984,8,1,0,12,59,1925
"1415",1984,6,0,0,12,64,1920
"1416",1984,6,1,0,10,34,1950
"1417",1984,1,0,0,7,54,1930
"1418",1984,1,0,0,12,24,1960
"1419",1984,7,1,0,10,29,1955
"1420",1984,5,0,0,12,24,1960
"1421",1984,2,0,0,12,24,1960
"1422",1984,5,1,1,2,84,1900
"1423",1984,4,1,1,13,29,1955
"1424",1984,4,0,0,12,49,1935
"1425",1984,5,0,0,12,24,1960
"1426",1984,7,0,0,12,19,1965
"1427",1984,6,0,1,4,69,1915
"1428",1984,8,0,1,6,49,1935
"1429",1984,5,0,0,12,39,1945
"1430",1984,5,0,0,12,24,1960
"1431",1984,7,1,0,13,44,1940
"1432",1984,7,0,0,16,69,1915
"1433",1984,8,0,0,10,49,1935
"1434",1984,6,1,0,12,34,1950
"1435",1984,6,0,0,16,24,1960
"1436",1984,10,0,0,16,49,1935
"1437",1984,6,1,0,20,34,1950
"1438",1984,5,1,0,3,69,1915
"1439",1984,4,0,0,12,29,1955
"1440",1984,8,0,0,10,29,1955
"1441",1984,4,0,0,10,64,1920
"1442",1984,3,0,0,8,64,1920
"1443",1984,10,1,0,10,24,1960
"1444",1984,7,1,0,12,74,1910
"1445",1984,8,0,0,15,24,1960
"1446",1984,10,1,0,18,29,1955
"1447",1984,7,1,1,11,59,1925
"1448",1984,6,0,0,12,54,1930
"1449",1984,9,0,0,14,39,1945
"1450",1984,9,0,0,17,34,1950
"1451",1984,8,0,0,17,24,1960
"1452",1984,5,1,0,12,29,1955
"1453",1984,2,0,0,10,54,1930
"1454",1984,5,0,0,13,39,1945
"1455",1984,9,1,0,13,24,1960
"1456",1984,6,0,0,19,34,1950
"1457",1984,7,1,0,15,79,1905
"1458",1988,5,1,0,17,48,1940
"1459",1988,0,1,0,4,78,1910
"1460",1988,4,1,0,12,78,1910
"1461",1988,1,0,0,5,43,1945
"1462",1988,6,0,0,12,43,1945
"1463",1988,3,0,1,14,38,1950
"1464",1988,5,0,0,18,38,1950
"1465",1988,6,0,0,10,53,1935
"1466",1988,5,1,0,13,43,1945
"1467",1988,6,1,0,12,68,1920
"1468",1988,6,0,0,13,28,1960
"1469",1988,7,1,0,15,48,1940
"1470",1988,7,0,0,16,28,1960
"1471",1988,9,1,0,16,33,1955
"1472",1988,5,1,1,14,33,1955
"1473",1988,7,1,1,12,43,1945
"1474",1988,6,0,0,12,63,1925
"1475",1988,6,0,0,12,43,1945
"1476",1988,6,1,0,12,33,1955
"1477",1988,5,1,1,8,78,1910
"1478",1988,7,1,0,13,43,1945
"1479",1988,8,1,0,14,48,1940
"1480",1988,6,1,1,16,48,1940
"1481",1988,9,0,0,11,18,1970
"1482",1988,5,1,1,13,38,1950
"1483",1988,6,1,0,16,23,1965
"1484",1988,3,1,0,12,23,1965
"1485",1988,9,1,0,16,23,1965
"1486",1988,7,0,0,12,23,1965
"1487",1988,7,0,0,20,48,1940
"1488",1988,6,1,1,9,83,1905
"1489",1988,6,0,0,18,68,1920
"1490",1988,7,1,0,12,53,1935
"1491",1988,4,1,1,10,33,1955
"1492",1988,8,1,0,11,73,1915
"1493",1988,7,1,0,12,63,1925
"1494",1988,5,0,0,8,53,1935
"1495",1988,8,1,0,12,43,1945
"1496",1988,4,1,0,13,28,1960
"1497",1988,10,0,1,20,38,1950
"1498",1988,5,1,1,12,33,1955
"1499",1988,9,1,0,12,38,1950
"1500",1988,6,0,0,16,38,1950
"1501",1988,5,1,1,11,28,1960
"1502",1988,6,0,1,9,53,1935
"1503",1988,6,0,1,16,43,1945
"1504",1988,7,1,0,12,43,1945
"1505",1988,7,1,0,14,43,1945
"1506",1988,4,1,0,12,38,1950
"1507",1988,7,0,0,18,63,1925
"1508",1988,8,1,0,12,53,1935
"1509",1988,2,1,0,12,68,1920
"1510",1988,6,1,0,12,33,1955
"1511",1988,4,0,0,12,38,1950
"1512",1988,7,1,1,16,53,1935
"1513",1988,7,1,0,12,38,1950
"1514",1988,1,1,0,11,23,1965
"1515",1988,7,0,1,14,38,1950
"1516",1988,7,1,0,12,28,1960
"1517",1988,9,0,0,15,43,1945
"1518",1988,1,1,0,8,78,1910
"1519",1988,5,0,1,10,58,1930
"1520",1988,5,1,1,9,28,1960
"1521",1988,8,1,0,12,33,1955
"1522",1988,5,1,1,12,23,1965
"1523",1988,3,0,0,12,73,1915
"1524",1988,3,0,0,12,23,1965
"1525",1988,6,0,0,12,43,1945
"1526",1988,5,0,0,11,78,1910
"1527",1988,6,1,0,16,28,1960
"1528",1988,8,0,0,16,28,1960
"1529",1988,7,1,1,14,43,1945
"1530",1988,5,1,0,8,83,1905
"1531",1988,7,0,0,12,43,1945
"1532",1988,6,1,0,13,23,1965
"1533",1988,5,1,0,12,38,1950
"1534",1988,5,1,0,13,38,1950
"1535",1988,4,1,0,9,63,1925
"1536",1988,7,0,0,17,28,1960
"1537",1988,3,1,0,14,28,1960
"1538",1988,9,1,0,13,58,1930
"1539",1988,8,1,0,15,78,1910
"1540",1988,6,1,0,15,23,1965
"1541",1988,5,0,0,14,23,1965
"1542",1988,8,0,0,16,43,1945
"1543",1988,6,1,0,15,38,1950
"1544",1988,4,1,1,5,68,1920
"1545",1988,0,0,1,3,88,1900
"1546",1988,5,0,0,14,43,1945
"1547",1988,5,1,0,10,58,1930
"1548",1988,6,1,1,11,33,1955
"1549",1988,2,0,1,10,53,1935
"1550",1988,8,1,0,17,38,1950
"1551",1988,6,1,0,9,68,1920
"1552",1988,9,0,0,11,73,1915
"1553",1988,5,0,0,14,43,1945
"1554",1988,6,1,0,11,28,1960
"1555",1988,4,0,0,9,23,1965
"1556",1988,6,0,0,14,43,1945
"1557",1988,5,1,0,9,78,1910
"1558",1988,0,0,0,16,78,1910
"1559",1988,2,0,0,7,68,1920
"1560",1988,6,1,0,9,68,1920
"1561",1988,1,1,0,12,33,1955
"1562",1988,6,1,0,11,28,1960
"1563",1988,6,1,0,16,28,1960
"1564",1988,2,0,0,5,63,1925
"1565",1988,7,0,0,19,68,1920
"1566",1988,6,1,0,12,58,1930
"1567",1988,6,0,0,11,63,1925
"1568",1988,6,0,0,10,28,1960
"1569",1988,8,0,0,16,48,1940
"1570",1988,7,1,0,14,28,1960
"1571",1988,4,0,0,9,58,1930
"1572",1988,6,0,0,16,38,1950
"1573",1988,8,0,0,16,33,1955
"1574",1988,8,1,0,12,38,1950
"1575",1988,9,0,0,17,63,1925
"1576",1988,4,0,0,11,18,1970
"1577",1988,10,0,0,20,38,1950
"1578",1988,7,0,0,12,38,1950
"1579",1988,5,0,0,15,28,1960
"1580",1988,9,1,0,13,38,1950
"1581",1988,7,1,0,12,33,1955
"1582",1988,6,1,0,12,78,1910
"1583",1988,7,0,0,14,38,1950
"1584",1988,5,1,0,8,53,1935
"1585",1988,8,1,0,15,23,1965
"1586",1988,4,1,0,6,78,1910
"1587",1988,6,0,0,14,38,1950
"1588",1988,7,0,0,14,23,1965
"1589",1988,5,0,0,12,28,1960
"1590",1988,4,0,0,12,53,1935
"1591",1988,7,1,0,13,28,1960
"1592",1988,6,1,0,11,68,1920
"1593",1988,5,1,0,12,63,1925
"1594",1988,7,0,0,12,38,1950
"1595",1988,6,0,0,9,63,1925
"1596",1988,5,1,0,12,28,1960
"1597",1988,1,1,0,12,28,1960
"1598",1988,5,0,0,12,83,1905
"1599",1988,9,0,0,18,53,1935
"1600",1988,5,1,0,8,73,1915
"1601",1988,3,1,0,6,73,1915
"1602",1988,8,0,0,14,33,1955
"1603",1988,6,1,0,11,23,1965
"1604",1988,5,0,0,12,63,1925
"1605",1988,7,1,0,14,38,1950
"1606",1988,5,0,0,17,28,1960
"1607",1988,6,0,0,13,78,1910
"1608",1988,7,1,0,16,28,1960
"1609",1988,3,0,0,9,33,1955
"1610",1988,5,0,0,6,68,1920
"1611",1988,5,0,0,12,38,1950
"1612",1988,5,0,0,10,23,1965
"1613",1988,2,0,1,11,23,1965
"1614",1988,5,0,0,10,28,1960
"1615",1988,4,1,1,12,38,1950
"1616",1988,2,0,1,10,28,1960
"1617",1988,6,1,0,11,68,1920
"1618",1988,3,1,0,12,73,1915
"1619",1988,5,0,0,8,68,1920
"1620",1988,6,1,0,12,43,1945
"1621",1988,7,0,0,16,28,1960
"1622",1988,2,0,1,12,33,1955
"1623",1988,3,0,1,12,38,1950
"1624",1988,4,1,0,8,78,1910
"1625",1988,4,0,0,11,43,1945
"1626",1988,5,0,0,14,23,1965
"1627",1988,6,0,0,7,88,1900
"1628",1988,5,1,0,11,33,1955
"1629",1988,5,0,0,12,43,1945
"1630",1988,8,0,0,16,23,1965
"1631",1988,10,0,0,13,38,1950
"1632",1988,3,0,0,6,83,1905
"1633",1988,4,0,0,10,23,1965
"1634",1988,8,1,0,17,53,1935
"1635",1988,5,1,0,13,28,1960
"1636",1988,7,1,0,16,28,1960
"1637",1988,10,1,0,16,48,1940
"1638",1990,9,1,0,16,65,1925
"1639",1990,7,0,0,16,25,1965
"1640",1990,3,0,1,8,55,1935
"1641",1990,6,1,0,12,30,1960
"1642",1990,4,0,0,16,30,1960
"1643",1990,8,1,0,14,45,1945
"1644",1990,10,0,0,18,50,1940
"1645",1990,8,0,0,14,45,1945
"1646",1990,8,0,0,0,65,1925
"1647",1990,5,0,1,15,45,1945
"1648",1990,10,1,0,16,45,1945
"1649",1990,8,0,0,16,40,1950
"1650",1990,5,1,0,12,35,1955
"1651",1990,10,0,1,12,55,1935
"1652",1990,5,0,1,6,65,1925
"1653",1990,6,0,0,13,20,1970
"1654",1990,7,1,0,16,30,1960
"1655",1990,7,1,1,12,20,1970
"1656",1990,9,0,0,16,70,1920
"1657",1990,2,1,1,5,80,1910
"1658",1990,5,0,0,10,35,1955
"1659",1990,5,1,0,12,65,1925
"1660",1990,5,0,1,12,50,1940
"1661",1990,5,1,1,15,40,1950
"1662",1990,5,1,0,12,85,1905
"1663",1990,5,0,0,12,30,1960
"1664",1990,10,0,0,15,50,1940
"1665",1990,7,1,0,14,30,1960
"1666",1990,7,1,0,13,20,1970
"1667",1990,7,1,0,14,40,1950
"1668",1990,9,1,0,16,50,1940
"1669",1990,6,1,0,16,25,1965
"1670",1990,6,0,0,14,65,1925
"1671",1990,4,1,0,12,65,1925
"1672",1990,9,0,0,13,20,1970
"1673",1990,3,1,1,12,30,1960
"1674",1990,7,0,0,12,35,1955
"1675",1990,10,0,0,17,45,1945
"1676",1990,10,0,0,15,35,1955
"1677",1990,9,1,1,15,30,1960
"1678",1990,5,1,0,15,30,1960
"1679",1990,4,1,0,8,30,1960
"1680",1990,9,0,0,13,35,1955
"1681",1990,10,1,0,16,45,1945
"1682",1990,10,0,0,12,65,1925
"1683",1990,7,1,0,11,65,1925
"1684",1990,10,0,0,18,45,1945
"1685",1990,8,1,0,14,35,1955
"1686",1990,4,0,1,12,40,1950
"1687",1990,9,0,0,16,40,1950
"1688",1990,6,0,0,12,30,1960
"1689",1990,9,0,0,14,60,1930
"1690",1990,5,0,0,15,60,1930
"1691",1990,8,0,0,18,40,1950
"1692",1990,7,0,0,13,30,1960
"1693",1990,4,0,0,12,25,1965
"1694",1990,7,1,0,8,60,1930
"1695",1990,5,1,0,12,25,1965
"1696",1990,10,0,0,9,55,1935
"1697",1990,7,0,0,16,40,1950
"1698",1990,6,1,0,14,85,1905
"1699",1990,7,1,0,16,70,1920
"1700",1990,8,1,0,14,65,1925
"1701",1990,4,0,0,14,35,1955
"1702",1990,5,1,0,12,40,1950
"1703",1990,7,1,0,12,50,1940
"1704",1990,7,0,0,15,25,1965
"1705",1990,7,1,0,14,20,1970
"1706",1990,3,1,0,12,55,1935
"1707",1990,6,1,0,12,35,1955
"1708",1990,7,1,0,16,25,1965
"1709",1990,1,1,0,11,30,1960
"1710",1990,10,0,0,11,70,1920
"1711",1990,9,0,0,16,75,1915
"1712",1990,6,0,0,12,35,1955
"1713",1990,7,1,0,12,40,1950
"1714",1990,5,0,0,13,40,1950
"1715",1990,6,0,0,16,40,1950
"1716",1990,4,0,0,13,20,1970
"1717",1990,6,1,0,12,80,1910
"1718",1990,4,1,0,14,25,1965
"1719",1990,2,1,1,16,50,1940
"1720",1990,5,0,0,14,20,1970
"1721",1990,8,0,0,16,30,1960
"1722",1990,8,0,0,12,45,1945
"1723",1990,9,1,0,16,30,1960
"1724",1990,7,1,0,14,40,1950
"1725",1990,5,1,1,13,20,1970
"1726",1990,4,0,0,9,35,1955
"1727",1990,5,0,0,11,25,1965
"1728",1990,6,1,0,9,60,1930
"1729",1990,7,0,0,12,40,1950
"1730",1990,7,0,0,12,40,1950
"1731",1990,7,1,0,12,45,1945
"1732",1990,6,0,1,10,75,1915
"1733",1990,6,1,0,16,35,1955
"1734",1990,10,1,0,17,30,1960
"1735",1990,6,0,0,12,40,1950
"1736",1990,8,1,1,15,70,1920
"1737",1990,6,0,1,12,25,1965
"1738",1990,5,1,0,16,65,1925
"1739",1990,3,1,0,12,40,1950
"1740",1990,6,1,0,12,35,1955
"1741",1990,9,0,0,18,60,1930
"1742",1990,10,1,0,16,40,1950
"1743",1990,8,1,0,12,50,1940
"1744",1990,9,0,0,16,55,1935
"1745",1990,9,1,0,16,40,1950
"1746",1990,10,1,0,14,65,1925
"1747",1990,4,0,1,10,60,1930
"1748",1990,5,1,1,12,35,1955
"1749",1990,6,1,0,12,40,1950
"1750",1990,7,0,0,12,25,1965
"1751",1990,4,1,0,13,20,1970
"1752",1990,8,0,0,16,35,1955
"1753",1990,9,0,0,12,40,1950
"1754",1990,4,1,0,12,35,1955
"1755",1990,7,1,0,13,20,1970
"1756",1990,5,0,0,13,20,1970
"1757",1990,6,0,0,12,35,1955
"1758",1990,9,0,0,20,65,1925
"1759",1990,7,1,0,14,40,1950
"1760",1990,10,0,0,15,25,1965
"1761",1990,8,1,0,18,35,1955
"1762",1990,6,0,0,14,25,1965
"1763",1990,7,1,0,18,30,1960
"1764",1990,7,0,0,16,45,1945
"1765",1990,6,1,0,16,35,1955
"1766",1990,6,1,0,10,40,1950
"1767",1990,6,1,0,14,55,1935
"1768",1990,6,0,0,12,30,1960
"1769",1990,5,1,0,12,25,1965
"1770",1990,8,0,0,12,35,1955
"1771",1990,9,1,0,12,70,1920
"1772",1990,5,1,0,11,25,1965
"1773",1990,6,1,0,14,40,1950
"1774",1990,5,1,0,8,85,1905
"1775",1990,4,1,0,8,80,1910
"1776",1990,9,0,0,16,30,1960
"1777",1990,6,1,0,11,50,1940
"1778",1990,7,0,0,15,75,1915
"1779",1990,6,1,0,13,25,1965
"1780",1990,2,1,1,10,35,1955
"1781",1990,9,1,0,15,50,1940
"1782",1990,5,1,0,11,45,1945
"1783",1990,4,0,0,11,45,1945
"1784",1990,4,1,0,8,80,1910
"1785",1990,3,0,0,10,45,1945
"1786",1990,5,1,0,10,20,1970
"1787",1990,8,0,0,12,40,1950
"1788",1990,7,1,0,13,35,1955
"1789",1990,6,1,0,12,25,1965
"1790",1990,7,1,0,12,45,1945
"1791",1990,6,1,0,14,75,1915
"1792",1990,5,0,1,13,30,1960
"1793",1990,6,0,0,12,65,1925
"1794",1990,6,1,0,12,45,1945
"1795",1990,1,0,0,4,60,1930
"1796",1990,4,0,0,12,25,1965
"1797",1990,5,0,0,8,65,1925
"1798",1990,10,0,0,16,40,1950
"1799",1990,4,0,1,7,70,1920
"1800",1990,5,1,0,10,25,1965
"1801",1990,6,1,0,14,45,1945
"1802",1990,10,1,0,17,45,1945
"1803",1990,10,1,0,12,70,1920
"1804",1990,7,0,0,12,45,1945
"1805",1990,5,1,0,12,30,1960
"1806",1994,5,0,0,8,59,1935
"1807",1994,8,1,0,16,39,1955
"1808",1994,1,1,1,8,44,1950
"1809",1994,10,0,0,18,34,1960
"1810",1994,8,1,0,14,24,1970
"1811",1994,4,1,1,12,29,1965
"1812",1994,9,1,0,14,34,1960
"1813",1994,9,1,0,16,44,1950
"1814",1994,8,0,0,16,34,1960
"1815",1994,8,0,0,12,74,1920
"1816",1994,7,1,0,7,44,1950
"1817",1994,8,1,0,20,54,1940
"1818",1994,9,1,0,11,69,1925
"1819",1994,5,1,1,12,59,1935
"1820",1994,4,0,1,16,34,1960
"1821",1994,7,1,0,16,24,1970
"1822",1994,6,0,0,16,29,1965
"1823",1994,10,1,0,16,44,1950
"1824",1994,5,1,0,8,79,1915
"1825",1994,6,1,0,13,39,1955
"1826",1994,9,1,0,14,69,1925
"1827",1994,6,1,1,16,44,1950
"1828",1994,10,0,0,14,49,1945
"1829",1994,8,1,0,14,39,1955
"1830",1994,10,1,0,13,74,1920
"1831",1994,5,0,0,12,39,1955
"1832",1994,1,1,0,12,59,1935
"1833",1994,7,1,0,14,49,1945
"1834",1994,1,1,0,13,54,1940
"1835",1994,7,1,0,16,44,1950
"1836",1994,9,0,0,15,44,1950
"1837",1994,7,0,0,19,49,1945
"1838",1994,5,1,0,16,34,1960
"1839",1994,2,0,0,10,29,1965
"1840",1994,5,0,0,14,59,1935
"1841",1994,0,1,0,10,19,1975
"1842",1994,7,1,0,12,49,1945
"1843",1994,10,0,0,18,49,1945
"1844",1994,7,0,0,12,54,1940
"1845",1994,4,1,0,11,19,1975
"1846",1994,6,1,0,8,89,1905
"1847",1994,7,0,1,12,29,1965
"1848",1994,3,1,1,12,24,1970
"1849",1994,6,0,1,11,19,1975
"1850",1994,4,1,1,13,49,1945
"1851",1994,7,1,0,11,79,1915
"1852",1994,10,0,0,20,44,1950
"1853",1994,6,0,0,13,49,1945
"1854",1994,5,1,0,13,34,1960
"1855",1994,6,1,0,12,39,1955
"1856",1994,5,1,0,9,29,1965
"1857",1994,6,0,0,12,34,1960
"1858",1994,7,0,0,13,24,1970
"1859",1994,6,0,0,11,39,1955
"1860",1994,7,0,0,14,24,1970
"1861",1994,7,1,0,16,74,1920
"1862",1994,6,0,0,8,89,1905
"1863",1994,3,1,0,16,59,1935
"1864",1994,4,1,1,13,29,1965
"1865",1994,10,1,0,16,34,1960
"1866",1994,8,0,0,14,39,1955
"1867",1994,2,0,1,4,69,1925
"1868",1994,6,1,1,12,44,1950
"1869",1994,5,1,1,11,34,1960
"1870",1994,6,0,0,11,19,1975
"1871",1994,5,0,0,12,74,1920
"1872",1994,7,0,0,12,39,1955
"1873",1994,7,1,0,16,74,1920
"1874",1994,6,1,0,13,44,1950
"1875",1994,7,0,0,14,29,1965
"1876",1994,5,1,0,12,44,1950
"1877",1994,5,1,1,12,24,1970
"1878",1994,6,1,0,14,54,1940
"1879",1994,6,1,0,12,49,1945
"1880",1994,8,0,0,12,79,1915
"1881",1994,4,0,0,11,29,1965
"1882",1994,7,1,0,18,44,1950
"1883",1994,5,1,1,17,34,1960
"1884",1994,6,1,1,15,29,1965
"1885",1994,8,0,0,19,34,1960
"1886",1994,10,0,0,20,44,1950
"1887",1994,8,1,0,14,44,1950
"1888",1994,2,1,0,8,74,1920
"1889",1994,4,0,0,12,44,1950
"1890",1994,6,0,0,16,44,1950
"1891",1994,9,0,0,16,54,1940
"1892",1994,3,1,0,12,79,1915
"1893",1994,7,1,0,15,24,1970
"1894",1994,6,1,0,16,24,1970
"1895",1994,10,0,0,18,34,1960
"1896",1994,6,0,0,12,49,1945
"1897",1994,6,1,0,12,34,1960
"1898",1994,8,0,0,20,39,1955
"1899",1994,9,1,0,16,74,1920
"1900",1994,6,1,0,13,24,1970
"1901",1994,10,0,0,19,49,1945
"1902",1994,6,0,0,14,39,1955
"1903",1994,2,1,1,11,54,1940
"1904",1994,6,1,0,16,29,1965
"1905",1994,3,1,0,13,34,1960
"1906",1994,4,1,1,13,34,1960
"1907",1994,4,0,1,8,79,1915
"1908",1994,6,1,0,14,39,1955
"1909",1994,3,1,1,12,69,1925
"1910",1994,10,1,0,16,39,1955
"1911",1994,5,1,0,8,89,1905
"1912",1994,7,1,0,16,24,1970
"1913",1994,9,0,0,18,49,1945
"1914",1994,5,0,0,12,24,1970
"1915",1994,8,0,0,16,49,1945
"1916",1994,10,1,0,16,34,1960
"1917",1994,6,1,0,16,34,1960
"1918",1994,5,0,0,15,24,1970
"1919",1994,5,0,0,20,44,1950
"1920",1994,8,0,0,12,19,1975
"1921",1994,9,1,0,17,49,1945
"1922",1994,6,1,0,12,34,1960
"1923",1994,4,1,0,12,54,1940
"1924",1994,8,1,1,13,39,1955
"1925",1994,8,0,0,13,34,1960
"1926",1994,7,0,0,16,54,1940
"1927",1994,8,1,0,16,54,1940
"1928",1994,7,1,0,12,39,1955
"1929",1994,8,1,0,12,64,1930
"1930",1994,3,1,0,12,79,1915
"1931",1994,10,0,0,16,34,1960
"1932",1994,6,0,0,19,34,1960
"1933",1994,9,1,0,16,49,1945
"1934",1994,10,0,0,13,54,1940
"1935",1994,5,1,0,12,89,1905
"1936",1994,1,1,0,11,59,1935
"1937",1994,5,1,0,13,34,1960
"1938",1994,7,1,0,12,49,1945
"1939",1994,5,0,0,8,49,1945
"1940",1994,10,0,0,16,39,1955
"1941",1994,7,1,1,12,49,1945
"1942",1994,6,0,0,12,44,1950
"1943",1994,6,0,0,13,44,1950
"1944",1994,4,1,1,10,19,1975
"1945",1994,5,1,0,12,79,1915
"1946",1994,5,1,1,12,34,1960
"1947",1994,8,1,0,17,24,1970
"1948",1994,6,0,0,12,44,1950
"1949",1994,7,1,0,15,49,1945
"1950",1994,4,1,0,13,34,1960
"1951",1994,3,1,0,12,24,1970
"1952",1994,6,0,0,12,44,1950
"1953",1994,10,1,0,18,44,1950
"1954",1994,9,0,0,11,19,1975
"1955",1994,5,0,0,12,34,1960
"1956",1994,8,0,0,12,49,1945
"1957",1994,6,1,0,13,19,1975
"1958",1994,5,1,0,10,29,1965
"1959",1994,8,1,0,16,34,1960
"1960",1994,3,1,0,12,54,1940
"1961",1994,6,0,0,17,74,1920
"1962",1994,1,1,1,11,24,1970
"1963",1994,5,1,0,12,59,1935
"1964",1994,5,1,0,12,34,1960
"1965",1994,8,1,0,12,89,1905
"1966",1994,7,1,0,12,59,1935
"1967",1994,5,0,0,11,19,1975
"1968",1994,8,0,0,12,79,1915
"1969",1994,8,1,0,13,29,1965
"1970",1994,6,0,0,16,24,1970
"1971",1994,7,1,0,12,24,1970
"1972",1994,5,0,1,15,39,1955
"1973",1994,9,1,0,20,64,1930
"1974",1994,10,1,0,18,64,1930
"1975",1994,5,0,1,16,34,1960
"1976",1994,9,1,0,12,49,1945
"1977",1994,3,1,0,10,89,1905
"1978",1994,6,1,0,12,74,1920
"1979",1994,6,0,0,16,39,1955
"1980",1994,10,1,0,17,34,1960
"1981",1994,5,0,1,13,39,1955
"1982",1994,6,1,0,12,24,1970
"1983",1994,6,1,0,12,49,1945
"1984",1994,6,1,1,13,49,1945
"1985",1994,7,1,0,15,54,1940
"1986",1994,10,1,0,17,39,1955
"1987",1994,7,1,0,14,64,1930
"1988",1994,6,1,0,16,69,1925
"1989",1994,6,1,0,16,39,1955
"1990",1994,8,1,0,13,59,1935
"1991",1994,6,1,0,12,49,1945
"1992",1994,4,0,0,12,64,1930
"1993",1994,6,0,0,12,59,1935
"1994",1994,6,1,0,14,29,1965
"1995",1994,9,1,0,12,64,1930
"1996",1994,7,1,0,14,34,1960
"1997",1994,5,1,0,10,64,1930
"1998",1994,5,0,1,12,79,1915
"1999",1994,2,0,0,7,59,1935
"2000",1994,4,0,0,13,74,1920
"2001",1994,6,1,0,17,34,1960
"2002",1994,5,0,0,13,54,1940
"2003",1994,10,0,0,18,39,1955
"2004",1994,6,1,0,8,54,1940
"2005",1994,4,0,0,10,44,1950
"2006",1994,5,0,0,12,34,1960
"2007",1994,6,0,0,8,74,1920
"2008",1994,6,1,0,13,34,1960
"2009",1994,8,1,0,14,69,1925
"2010",1994,9,0,0,19,79,1915
"2011",1994,5,0,0,16,24,1970
"2012",1994,6,0,0,16,54,1940
"2013",1994,4,0,0,6,59,1935
"2014",1994,3,0,0,13,69,1925
"2015",1994,7,1,0,11,19,1975
"2016",1994,9,1,0,16,39,1955
"2017",1994,5,0,0,12,49,1945
"2018",1994,6,1,0,14,24,1970
"2019",1994,5,1,0,14,39,1955
"2020",1994,0,0,1,4,54,1940
"2021",1994,6,1,0,16,54,1940
"2022",1994,10,1,0,16,49,1945
"2023",1994,5,0,0,18,54,1940
"2024",1994,8,1,0,12,34,1960
"2025",1994,6,1,0,12,39,1955
"2026",1994,6,1,0,12,54,1940
"2027",1994,4,1,0,12,24,1970
"2028",1994,9,1,0,12,19,1975
"2029",1994,10,0,0,20,44,1950
"2030",1994,7,0,0,12,24,1970
"2031",1994,6,1,1,18,39,1955
"2032",1994,3,1,1,12,59,1935
"2033",1994,4,1,1,13,39,1955
"2034",1994,4,1,0,13,64,1930
"2035",1994,6,1,0,12,69,1925
"2036",1994,6,1,0,9,29,1965
"2037",1994,7,1,0,14,49,1945
"2038",1994,3,0,0,12,24,1970
"2039",1994,4,1,0,9,29,1965
"2040",1994,5,1,0,16,89,1905
"2041",1994,5,1,0,12,79,1915
"2042",1994,6,1,0,12,34,1960
"2043",1994,9,0,0,15,34,1960
"2044",1994,7,0,0,10,69,1925
"2045",1994,6,1,0,14,34,1960
"2046",1994,6,1,0,9,39,1955
"2047",1994,4,0,1,15,29,1965
"2048",1994,4,0,0,11,19,1975
"2049",1994,8,1,0,13,49,1945
"2050",1994,7,1,1,12,24,1970
"2051",1994,6,1,1,12,39,1955
"2052",1994,5,1,1,10,24,1970
"2053",1994,4,0,1,15,34,1960
"2054",1994,5,0,0,15,54,1940
"2055",1994,3,0,0,12,29,1965
"2056",1994,5,0,1,12,19,1975
"2057",1994,8,1,0,12,59,1935
"2058",1994,6,0,0,12,69,1925
"2059",1994,7,1,0,12,54,1940
"2060",1994,5,1,1,12,34,1960
"2061",1994,1,1,1,8,54,1940
"2062",1994,2,1,1,12,29,1965
"2063",1994,1,0,0,20,49,1945
"2064",1994,5,0,0,18,34,1960
"2065",1994,6,0,0,12,44,1950
"2066",1994,6,1,0,8,59,1935
"2067",1994,10,1,0,16,39,1955
"2068",1994,3,0,1,16,24,1970
"2069",1994,8,1,0,15,74,1920
"2070",1994,6,0,0,3,59,1935
"2071",1994,5,0,0,8,34,1960
"2072",1994,2,0,1,12,59,1935
"2073",1994,7,1,0,12,84,1910
"2074",1994,6,1,0,12,59,1935
"2075",1994,6,1,0,10,44,1950
"2076",1994,8,0,0,15,59,1935
"2077",1994,7,1,0,16,49,1945
"2078",1994,5,0,1,14,34,1960
"2079",1994,6,1,0,12,59,1935
"2080",1994,5,1,0,12,54,1940
"2081",1994,6,0,0,12,69,1925
"2082",1994,5,1,0,12,64,1930
"2083",1994,5,0,0,13,34,1960
"2084",1994,10,1,0,18,54,1940
"2085",1994,6,0,0,15,24,1970
"2086",1994,7,1,0,20,29,1965
"2087",1994,8,1,0,14,34,1960
"2088",1994,5,0,0,13,49,1945
"2089",1994,5,1,0,12,74,1920
"2090",1994,3,0,0,12,24,1970
"2091",1994,6,0,0,12,59,1935
"2092",1994,10,1,0,16,54,1940
"2093",1994,7,0,0,12,44,1950
"2094",1994,5,0,0,13,49,1945
"2095",1994,6,1,0,14,29,1965
"2096",1994,5,1,0,9,24,1970
"2097",1994,8,1,0,14,44,1950
"2098",1994,8,1,0,12,49,1945
"2099",1994,9,0,0,19,44,1950
"2100",1994,8,0,0,12,39,1955
"2101",1994,7,0,0,11,34,1960
"2102",1994,6,1,0,10,54,1940
"2103",1994,8,0,0,12,49,1945
"2104",1994,6,0,0,12,44,1950
"2105",1994,8,0,0,12,34,1960
"2106",1994,7,1,0,8,84,1910
"2107",1994,5,1,0,12,39,1955
"2108",1994,4,0,0,12,34,1960
"2109",1994,10,1,0,16,64,1930
"2110",1994,7,0,0,12,44,1950
"2111",1994,1,0,0,5,89,1905
"2112",1994,5,1,0,12,44,1950
"2113",1994,6,0,0,12,34,1960
"2114",1994,6,1,0,13,24,1970
"2115",1994,5,0,0,12,34,1960
"2116",1994,5,1,0,12,64,1930
"2117",1994,6,1,0,12,49,1945
"2118",1994,9,0,0,16,29,1965
"2119",1994,8,1,0,18,29,1965
"2120",1994,10,1,0,16,49,1945
"2121",1994,9,1,0,20,29,1965
"2122",1994,9,1,0,12,39,1955
"2123",1994,8,0,0,12,34,1960
"2124",1994,5,0,0,12,24,1970
"2125",1994,6,0,0,12,69,1925
"2126",1994,6,1,0,16,44,1950
"2127",1994,7,1,0,14,49,1945
"2128",1994,4,1,0,11,19,1975
"2129",1994,5,1,0,13,24,1970
"2130",1994,7,1,0,12,39,1955
"2131",1994,1,0,0,18,39,1955
"2132",1994,8,1,0,8,89,1905
"2133",1994,5,0,0,14,29,1965
"2134",1994,4,1,1,12,44,1950
"2135",1994,3,1,0,4,74,1920
"2136",1994,6,1,0,13,64,1930
"2137",1994,5,1,0,12,59,1935
"2138",1994,4,0,0,15,44,1950
"2139",1994,7,1,0,18,74,1920
"2140",1994,3,0,0,4,74,1920
"2141",1994,3,1,0,8,84,1910
"2142",1994,8,1,0,15,59,1935
"2143",1994,6,0,0,12,69,1925
"2144",1994,3,1,1,5,79,1915
"2145",1994,9,0,0,11,79,1915
"2146",1994,5,0,0,12,34,1960
"2147",1994,5,0,0,12,54,1940
"2148",1994,5,0,0,12,69,1925
"2149",1994,1,1,1,11,44,1950
"2150",1994,5,1,0,11,69,1925
"2151",1994,6,1,0,16,54,1940
"2152",1994,6,0,0,12,19,1975
"2153",1994,7,1,0,11,39,1955
"2154",1994,5,1,0,8,84,1910
"2155",1994,8,1,0,11,19,1975
"2156",1994,5,0,0,16,24,1970
"2157",1994,5,0,0,11,54,1940
"2158",1994,6,1,0,11,49,1945
"2159",1994,6,0,0,13,39,1955
"2160",1994,6,1,0,9,74,1920
"2161",1994,3,1,0,12,29,1965
"2162",1994,4,0,0,16,39,1955
"2163",1994,6,1,1,13,49,1945
"2164",1994,4,1,0,11,39,1955
"2165",1994,8,1,0,18,54,1940
"2166",1994,5,0,0,14,34,1960
"2167",1994,5,1,0,8,89,1905
"2168",1994,6,1,0,16,49,1945
"2169",1994,2,0,0,12,54,1940
"2170",1994,6,1,0,12,39,1955
"2171",1994,6,1,0,9,59,1935
"2172",1994,5,0,0,12,39,1955
"2173",1994,6,1,0,17,89,1905
"2174",1994,7,0,0,8,79,1915
"2175",1994,7,0,0,13,39,1955
"2176",1994,4,1,1,14,34,1960
"2177",1994,2,0,0,13,64,1930
"2178",1994,6,0,1,12,74,1920
"2179",1996,7,1,1,17,51,1945
"2180",1996,10,0,0,16,31,1965
"2181",1996,7,0,1,15,41,1955
"2182",1996,9,0,0,16,26,1970
"2183",1996,5,0,1,14,61,1935
"2184",1996,5,0,0,12,41,1955
"2185",1996,7,0,0,12,51,1945
"2186",1996,5,0,0,16,26,1970
"2187",1996,6,1,0,10,81,1915
"2188",1996,4,1,1,11,86,1910
"2189",1996,6,1,0,10,21,1975
"2190",1996,6,0,0,12,36,1960
"2191",1996,6,1,0,12,41,1955
"2192",1996,4,1,0,14,46,1950
"2193",1996,7,1,1,14,31,1965
"2194",1996,6,1,0,16,31,1965
"2195",1996,4,0,0,13,31,1965
"2196",1996,7,1,0,13,31,1965
"2197",1996,7,0,0,14,41,1955
"2198",1996,5,1,1,14,41,1955
"2199",1996,6,0,0,17,51,1945
"2200",1996,6,1,0,13,36,1960
"2201",1996,9,1,0,12,81,1915
"2202",1996,6,0,0,16,61,1935
"2203",1996,5,1,0,9,76,1920
"2204",1996,8,0,0,15,51,1945
"2205",1996,7,0,0,12,26,1970
"2206",1996,6,0,0,10,86,1910
"2207",1996,1,0,1,8,46,1950
"2208",1996,6,0,1,14,31,1965
"2209",1996,2,1,1,12,56,1940
"2210",1996,6,0,0,13,31,1965
"2211",1996,4,1,1,12,26,1970
"2212",1996,5,1,1,16,31,1965
"2213",1996,9,0,0,12,61,1935
"2214",1996,7,0,1,14,41,1955
"2215",1996,6,1,1,14,36,1960
"2216",1996,5,1,1,9,66,1930
"2217",1996,6,0,0,13,36,1960
"2218",1996,5,1,0,12,36,1960
"2219",1996,5,1,0,12,31,1965
"2220",1996,4,1,0,13,56,1940
"2221",1996,7,0,0,16,46,1950
"2222",1996,7,1,0,12,71,1925
"2223",1996,8,1,1,16,31,1965
"2224",1996,6,1,1,11,21,1975
"2225",1996,4,1,0,12,81,1915
"2226",1996,6,1,0,12,61,1935
"2227",1996,8,0,0,20,31,1965
"2228",1996,4,0,0,12,41,1955
"2229",1996,4,1,0,12,41,1955
"2230",1996,10,0,0,19,56,1940
"2231",1996,7,0,0,14,21,1975
"2232",1996,8,1,0,18,56,1940
"2233",1996,7,1,0,14,36,1960
"2234",1996,6,1,1,15,46,1950
"2235",1996,7,1,0,16,51,1945
"2236",1996,10,1,0,18,31,1965
"2237",1996,3,0,0,14,51,1945
"2238",1996,7,1,0,18,81,1915
"2239",1996,5,1,0,12,71,1925
"2240",1996,4,0,0,18,41,1955
"2241",1996,10,1,0,15,56,1940
"2242",1996,7,0,0,17,46,1950
"2243",1996,6,1,0,12,86,1910
"2244",1996,6,1,0,16,31,1965
"2245",1996,10,1,0,16,51,1945
"2246",1996,6,0,0,12,51,1945
"2247",1996,6,1,0,11,66,1930
"2248",1996,4,0,0,16,41,1955
"2249",1996,8,1,0,16,56,1940
"2250",1996,4,0,0,14,51,1945
"2251",1996,5,1,0,13,46,1950
"2252",1996,6,0,0,14,36,1960
"2253",1996,8,0,0,12,36,1960
"2254",1996,1,1,1,13,41,1955
"2255",1996,5,1,1,12,56,1940
"2256",1996,6,1,0,12,51,1945
"2257",1996,9,0,0,20,26,1970
"2258",1996,8,0,0,16,31,1965
"2259",1996,10,0,0,13,56,1940
"2260",1996,5,0,0,16,26,1970
"2261",1996,2,0,0,17,51,1945
"2262",1996,8,0,0,16,26,1970
"2263",1996,2,0,0,12,21,1975
"2264",1996,8,1,0,20,31,1965
"2265",1996,5,0,0,13,26,1970
"2266",1996,3,0,0,12,36,1960
"2267",1996,9,1,0,18,36,1960
"2268",1996,4,1,1,10,26,1970
"2269",1996,4,0,0,8,61,1935
"2270",1996,8,0,1,18,46,1950
"2271",1996,5,0,0,12,36,1960
"2272",1996,6,0,0,14,26,1970
"2273",1996,7,1,0,18,41,1955
"2274",1996,5,1,0,12,31,1965
"2275",1996,6,1,0,15,41,1955
"2276",1996,5,0,0,12,21,1975
"2277",1996,10,1,0,13,56,1940
"2278",1996,6,0,0,12,41,1955
"2279",1996,5,0,0,6,76,1920
"2280",1996,4,0,0,15,36,1960
"2281",1996,6,1,0,16,26,1970
"2282",1996,4,1,0,17,26,1970
"2283",1996,6,0,1,12,26,1970
"2284",1996,5,0,0,9,61,1935
"2285",1996,6,1,0,12,26,1970
"2286",1996,5,1,0,12,41,1955
"2287",1996,7,0,0,12,41,1955
"2288",1996,7,1,0,14,41,1955
"2289",1996,7,1,0,12,71,1925
"2290",1996,3,1,1,12,36,1960
"2291",1996,5,1,1,12,41,1955
"2292",1996,7,0,0,15,36,1960
"2293",1996,5,1,0,12,51,1945
"2294",1996,7,0,0,13,36,1960
"2295",1996,8,0,0,16,46,1950
"2296",1996,3,0,0,14,31,1965
"2297",1996,6,0,0,12,21,1975
"2298",1996,7,1,0,12,46,1950
"2299",1996,7,1,0,12,36,1960
"2300",1996,8,1,0,18,66,1930
"2301",1996,1,1,1,12,21,1975
"2302",1996,6,0,1,12,41,1955
"2303",1996,5,1,1,12,56,1940
"2304",1996,6,1,1,12,41,1955
"2305",1996,6,1,0,14,46,1950
"2306",1996,9,0,0,18,51,1945
"2307",1996,10,0,0,20,46,1950
"2308",1996,8,1,0,18,41,1955
"2309",1996,2,0,0,17,26,1970
"2310",1996,4,1,1,12,31,1965
"2311",1996,6,0,0,13,51,1945
"2312",1996,5,0,0,12,31,1965
"2313",1996,7,1,0,13,36,1960
"2314",1996,5,0,0,14,26,1970
"2315",1996,5,1,1,13,21,1975
"2316",1996,6,0,0,12,26,1970
"2317",1996,6,1,0,12,66,1930
"2318",1996,4,0,0,10,46,1950
"2319",1996,3,1,0,12,31,1965
"2320",1996,9,1,0,16,56,1940
"2321",1996,9,1,0,20,46,1950
"2322",1996,10,0,0,18,41,1955
"2323",1996,6,1,0,15,46,1950
"2324",1996,7,0,0,18,26,1970
"2325",1996,5,1,0,15,41,1955
"2326",1996,6,0,0,12,46,1950
"2327",1996,6,0,0,13,71,1925
"2328",1996,2,0,0,12,61,1935
"2329",1996,9,1,0,12,86,1910
"2330",1996,6,1,0,14,36,1960
"2331",1996,6,1,0,16,26,1970
"2332",1996,7,1,0,13,31,1965
"2333",1996,2,0,1,12,66,1930
"2334",1996,4,0,0,12,56,1940
"2335",1996,5,0,0,9,21,1975
"2336",1996,8,1,0,18,36,1960
"2337",1996,7,1,0,12,21,1975
"2338",1996,5,1,0,12,56,1940
"2339",1996,7,1,0,14,26,1970
"2340",1996,6,0,0,12,21,1975
"2341",1996,6,1,0,16,61,1935
"2342",1996,10,1,0,16,36,1960
"2343",1996,5,1,1,8,51,1945
"2344",1996,4,1,0,14,26,1970
"2345",1996,8,0,0,18,56,1940
"2346",1996,8,1,0,14,41,1955
"2347",1996,4,1,0,10,51,1945
"2348",1996,9,0,0,14,66,1930
"2349",1996,7,0,0,20,41,1955
"2350",1996,7,1,0,15,46,1950
"2351",1996,7,1,0,13,36,1960
"2352",1996,7,0,0,17,31,1965
"2353",1996,8,1,0,18,26,1970
"2354",1996,5,0,0,14,51,1945
"2355",1996,5,0,1,13,41,1955
"2356",1996,7,0,1,14,41,1955
"2357",1996,5,0,1,13,51,1945
"2358",1996,8,1,0,14,46,1950
"2359",1996,6,0,0,12,66,1930
"2360",1996,7,0,1,14,36,1960
"2361",1996,4,0,0,8,26,1970
"2362",1996,9,0,0,13,51,1945
"2363",1996,6,0,0,10,21,1975
"2364",1996,5,1,0,12,81,1915
"2365",1996,5,1,0,12,36,1960
"2366",1996,6,0,0,15,51,1945
"2367",1996,7,0,0,15,31,1965
"2368",1996,4,1,0,12,81,1915
"2369",1996,3,0,1,12,41,1955
"2370",1996,8,1,0,13,31,1965
"2371",1996,2,0,0,12,26,1970
"2372",1996,6,1,0,12,51,1945
"2373",1996,5,1,0,8,86,1910
"2374",1996,6,1,0,18,66,1930
"2375",1996,8,0,0,15,51,1945
"2376",1996,9,1,0,13,51,1945
"2377",1996,6,0,0,10,56,1940
"2378",1996,6,1,0,12,46,1950
"2379",1996,5,1,0,9,21,1975
"2380",1996,9,0,0,20,56,1940
"2381",1996,2,1,0,12,36,1960
"2382",1996,5,1,0,11,86,1910
"2383",1996,5,1,0,12,41,1955
"2384",1996,8,1,0,19,26,1970
"2385",1996,10,1,0,14,76,1920
"2386",1996,7,0,0,14,21,1975
"2387",1996,5,0,1,19,41,1955
"2388",1996,4,0,0,12,31,1965
"2389",1996,4,1,0,14,51,1945
"2390",1996,10,1,0,19,61,1935
"2391",1996,6,1,0,20,46,1950
"2392",1996,5,0,0,13,41,1955
"2393",1996,4,1,0,10,26,1970
"2394",1996,6,0,0,13,21,1975
"2395",1996,10,0,0,15,36,1960
"2396",1996,5,1,0,10,36,1960
"2397",1996,9,1,0,12,56,1940
"2398",1996,6,1,0,14,31,1965
"2399",1996,5,1,0,12,36,1960
"2400",1996,7,1,0,13,36,1960
"2401",1996,3,0,0,12,61,1935
"2402",1996,5,1,0,14,56,1940
"2403",1996,8,0,0,13,71,1925
"2404",1996,7,1,0,14,41,1955
"2405",1996,7,0,0,14,26,1970
"2406",1996,9,1,0,18,41,1955
"2407",1996,8,0,0,14,46,1950
"2408",1996,7,0,0,13,26,1970
"2409",1996,9,0,0,13,46,1950
"2410",1996,5,0,0,16,26,1970
"2411",1996,7,0,0,12,21,1975
"2412",1996,3,0,0,12,21,1975
"2413",1996,8,1,0,16,66,1930
"2414",1996,5,1,0,12,41,1955
"2415",1996,4,0,0,11,21,1975
"2416",1996,7,1,0,12,81,1915
"2417",1996,7,1,0,10,86,1910
"2418",1996,3,0,0,6,61,1935
"2419",1996,7,1,0,14,61,1935
"2420",1996,9,1,0,12,71,1925
"2421",1996,7,1,0,10,56,1940
"2422",1996,2,1,0,8,86,1910
"2423",1996,6,1,0,19,56,1940
"2424",1996,8,1,0,19,56,1940
"2425",1996,7,1,0,16,26,1970
"2426",1996,6,1,0,13,41,1955
"2427",1996,5,0,0,12,21,1975
"2428",1996,6,0,1,19,51,1945
"2429",1996,5,1,0,16,46,1950
"2430",1996,3,0,0,12,56,1940
"2431",1996,5,0,0,13,66,1930
"2432",1996,9,1,0,16,41,1955
"2433",1996,4,1,0,12,21,1975
"2434",1996,4,1,0,10,76,1920
"2435",1996,4,1,0,14,36,1960
"2436",1996,4,0,0,9,76,1920
"2437",1996,8,1,0,12,36,1960
"2438",1996,6,1,0,5,71,1925
"2439",1996,4,0,0,12,76,1920
"2440",1996,3,1,1,3,86,1910
"2441",1996,1,1,1,12,31,1965
"2442",1996,4,0,1,12,56,1940
"2443",1996,5,0,0,11,21,1975
"2444",1996,6,0,0,12,31,1965
"2445",1996,4,1,0,10,36,1960
"2446",1996,3,1,0,3,56,1940
"2447",1996,5,0,0,16,56,1940
"2448",1996,7,0,0,16,61,1935
"2449",1996,5,1,0,12,21,1975
"2450",1996,2,1,1,3,71,1925
"2451",1996,6,1,0,7,66,1930
"2452",1996,3,1,0,12,21,1975
"2453",1996,6,1,0,15,36,1960
"2454",1996,6,1,0,12,31,1965
"2455",1996,5,1,0,12,61,1935
"2456",1996,2,1,1,3,41,1955
"2457",1996,7,1,0,16,26,1970
"2458",1996,10,0,0,13,56,1940
"2459",1996,5,1,0,12,51,1945
"2460",1996,5,0,0,12,41,1955
"2461",1996,8,1,0,16,46,1950
"2462",1996,2,1,0,10,71,1925
"2463",1996,8,0,0,15,56,1940
"2464",1996,7,1,0,12,46,1950
"2465",1996,8,1,0,12,61,1935
"2466",1996,3,0,0,10,51,1945
"2467",1996,6,1,0,16,36,1960
"2468",1996,5,0,0,13,51,1945
"2469",1996,2,1,0,12,26,1970
"2470",1996,8,0,0,14,36,1960
"2471",1996,6,1,0,12,21,1975
"2472",1996,6,1,0,13,41,1955
"2473",1996,6,0,0,17,26,1970
"2474",1996,6,0,0,14,41,1955
"2475",1996,9,1,0,12,36,1960
"2476",1996,5,0,0,15,56,1940
"2477",1996,5,1,0,14,51,1945
"2478",1996,6,0,0,12,66,1930
"2479",1996,4,1,0,12,76,1920
"2480",1996,8,1,0,15,46,1950
"2481",1996,7,1,0,13,56,1940
"2482",1996,5,1,0,11,31,1965
"2483",1998,5,0,0,16,33,1965
"2484",1998,7,0,0,12,43,1955
"2485",1998,9,1,0,14,48,1950
"2486",1998,8,1,0,19,38,1960
"2487",1998,7,1,1,11,73,1925
"2488",1998,6,1,1,20,48,1950
"2489",1998,9,0,0,20,33,1965
"2490",1998,8,1,1,16,48,1950
"2491",1998,7,0,0,16,23,1975
"2492",1998,6,1,0,12,48,1950
"2493",1998,9,0,0,12,43,1955
"2494",1998,2,0,0,16,48,1950
"2495",1998,5,0,0,8,48,1950
"2496",1998,8,1,0,14,53,1945
"2497",1998,4,0,0,12,33,1965
"2498",1998,9,1,0,19,43,1955
"2499",1998,0,0,0,13,33,1965
"2500",1998,10,0,0,20,38,1960
"2501",1998,5,1,0,16,28,1970
"2502",1998,9,1,0,18,48,1950
"2503",1998,7,0,0,14,38,1960
"2504",1998,10,0,0,19,53,1945
"2505",1998,9,0,1,13,23,1975
"2506",1998,0,0,0,17,38,1960
"2507",1998,6,1,0,18,43,1955
"2508",1998,7,0,0,16,48,1950
"2509",1998,8,1,0,13,48,1950
"2510",1998,7,0,0,16,33,1965
"2511",1998,6,0,0,12,23,1975
"2512",1998,8,1,0,16,28,1970
"2513",1998,6,1,1,12,28,1970
"2514",1998,6,0,0,11,63,1935
"2515",1998,7,1,0,18,28,1970
"2516",1998,4,1,1,12,53,1945
"2517",1998,4,1,0,3,73,1925
"2518",1998,10,1,0,12,88,1910
"2519",1998,8,0,0,16,33,1965
"2520",1998,6,1,0,13,33,1965
"2521",1998,7,0,0,12,83,1915
"2522",1998,8,0,0,16,68,1930
"2523",1998,4,1,1,12,28,1970
"2524",1998,6,1,0,12,78,1920
"2525",1998,6,1,0,9,68,1930
"2526",1998,10,1,0,16,53,1945
"2527",1998,6,1,0,16,23,1975
"2528",1998,7,1,0,17,53,1945
"2529",1998,7,1,0,15,38,1960
"2530",1998,7,1,0,12,58,1940
"2531",1998,10,1,0,16,33,1965
"2532",1998,6,0,0,16,23,1975
"2533",1998,8,0,0,14,38,1960
"2534",1998,8,0,0,11,33,1965
"2535",1998,7,1,0,14,73,1925
"2536",1998,1,1,1,8,68,1930
"2537",1998,5,0,0,9,28,1970
"2538",1998,9,1,0,17,58,1940
"2539",1998,5,1,0,18,38,1960
"2540",1998,8,1,0,12,73,1925
"2541",1998,5,1,0,12,78,1920
"2542",1998,10,1,0,16,43,1955
"2543",1998,9,1,0,14,53,1945
"2544",1998,6,0,1,12,23,1975
"2545",1998,1,0,0,14,48,1950
"2546",1998,3,0,0,11,33,1965
"2547",1998,7,1,0,16,38,1960
"2548",1998,5,1,0,16,63,1935
"2549",1998,6,1,0,12,73,1925
"2550",1998,8,1,0,12,63,1935
"2551",1998,8,1,0,16,23,1975
"2552",1998,9,1,0,14,63,1935
"2553",1998,7,1,0,18,63,1935
"2554",1998,6,0,0,12,33,1965
"2555",1998,5,0,0,12,28,1970
"2556",1998,6,1,1,12,28,1970
"2557",1998,7,1,0,16,33,1965
"2558",1998,6,0,0,12,33,1965
"2559",1998,2,1,0,8,68,1930
"2560",1998,6,0,0,9,63,1935
"2561",1998,5,1,0,14,68,1930
"2562",1998,5,0,0,16,23,1975
"2563",1998,5,1,0,9,73,1925
"2564",1998,9,1,0,14,53,1945
"2565",1998,10,1,0,15,33,1965
"2566",1998,10,0,0,12,53,1945
"2567",1998,6,0,0,12,58,1940
"2568",1998,8,0,0,14,43,1955
"2569",1998,7,1,0,12,33,1965
"2570",1998,10,0,0,16,48,1950
"2571",1998,4,0,0,12,38,1960
"2572",1998,6,1,0,14,38,1960
"2573",1998,6,0,0,12,33,1965
"2574",1998,8,0,0,13,58,1940
"2575",1998,2,0,0,10,48,1950
"2576",1998,7,0,0,12,38,1960
"2577",1998,2,1,0,13,73,1925
"2578",1998,7,0,0,13,43,1955
"2579",1998,7,0,0,18,33,1965
"2580",1998,8,1,0,17,33,1965
"2581",1998,10,1,0,17,28,1970
"2582",1998,6,1,0,15,28,1970
"2583",1998,6,1,0,16,43,1955
"2584",1998,5,1,1,15,43,1955
"2585",1998,6,0,1,16,33,1965
"2586",1998,4,1,1,18,58,1940
"2587",1998,8,1,0,13,38,1960
"2588",1998,9,0,0,19,28,1970
"2589",1998,7,0,0,14,28,1970
"2590",1998,5,1,0,12,23,1975
"2591",1998,8,1,1,16,23,1975
"2592",1998,7,0,0,2,28,1970
"2593",1998,6,0,0,16,33,1965
"2594",1998,5,1,0,12,68,1930
"2595",1998,5,1,0,16,28,1970
"2596",1998,6,1,0,12,33,1965
"2597",1998,9,0,0,20,38,1960
"2598",1998,5,1,0,14,23,1975
"2599",1998,6,1,0,9,33,1965
"2600",1998,9,0,0,16,38,1960
"2601",1998,5,0,0,13,63,1935
"2602",1998,9,0,0,14,38,1960
"2603",1998,7,0,0,18,38,1960
"2604",1998,6,0,0,16,23,1975
"2605",1998,10,1,0,16,43,1955
"2606",1998,5,0,0,16,38,1960
"2607",1998,5,1,0,16,28,1970
"2608",1998,8,1,0,16,48,1950
"2609",1998,8,1,0,18,33,1965
"2610",1998,6,1,1,16,23,1975
"2611",1998,7,1,1,16,28,1970
"2612",1998,5,1,1,10,33,1965
"2613",1998,4,1,1,13,23,1975
"2614",1998,5,1,1,12,23,1975
"2615",1998,6,0,0,20,43,1955
"2616",1998,10,1,0,16,63,1935
"2617",1998,4,1,1,12,38,1960
"2618",1998,7,0,0,12,73,1925
"2619",1998,6,0,0,12,38,1960
"2620",1998,7,1,0,12,43,1955
"2621",1998,4,0,0,15,78,1920
"2622",1998,3,1,0,11,28,1970
"2623",1998,7,1,0,13,43,1955
"2624",1998,5,0,0,8,88,1910
"2625",1998,6,1,1,12,58,1940
"2626",1998,7,0,0,13,28,1970
"2627",1998,3,0,0,12,88,1910
"2628",1998,10,0,0,19,63,1935
"2629",1998,9,1,0,16,58,1940
"2630",1998,6,0,0,14,28,1970
"2631",1998,6,0,0,13,28,1970
"2632",1998,7,1,0,11,83,1915
"2633",1998,1,0,0,8,73,1925
"2634",1998,3,1,1,13,28,1970
"2635",1998,5,1,0,13,38,1960
"2636",1998,6,0,1,14,33,1965
"2637",1998,7,0,0,14,43,1955
"2638",1998,10,0,0,17,43,1955
"2639",1998,6,1,0,13,28,1970
"2640",1998,6,0,0,12,33,1965
"2641",1998,10,0,0,20,48,1950
"2642",1998,5,0,0,11,73,1925
"2643",1998,5,1,0,12,33,1965
"2644",1998,5,1,1,12,48,1950
"2645",1998,2,1,1,11,28,1970
"2646",1998,7,1,0,14,43,1955
"2647",1998,6,1,1,16,48,1950
"2648",1998,5,0,0,15,28,1970
"2649",1998,9,0,0,18,83,1915
"2650",1998,9,0,0,12,18,1980
"2651",1998,6,0,0,12,23,1975
"2652",1998,2,0,0,13,33,1965
"2653",1998,5,0,0,13,28,1970
"2654",1998,7,1,0,16,43,1955
"2655",1998,6,1,0,16,43,1955
"2656",1998,5,0,0,6,78,1920
"2657",1998,5,1,0,12,53,1945
"2658",1998,9,0,0,12,48,1950
"2659",1998,5,1,0,12,33,1965
"2660",1998,3,0,0,9,68,1930
"2661",1998,2,1,0,8,33,1965
"2662",1998,5,0,0,11,48,1950
"2663",1998,7,1,0,12,63,1935
"2664",1998,7,0,0,16,23,1975
"2665",1998,3,1,1,12,33,1965
"2666",1998,7,0,0,14,28,1970
"2667",1998,6,1,0,16,43,1955
"2668",1998,3,0,0,11,18,1980
"2669",1998,8,0,0,18,48,1950
"2670",1998,6,0,0,14,48,1950
"2671",1998,3,1,0,12,58,1940
"2672",1998,7,1,0,12,33,1965
"2673",1998,8,1,0,14,78,1920
"2674",1998,10,1,0,15,83,1915
"2675",1998,8,1,0,12,73,1925
"2676",1998,5,0,0,14,73,1925
"2677",1998,5,0,0,10,58,1940
"2678",1998,7,1,0,6,83,1915
"2679",1998,4,0,0,11,28,1970
"2680",1998,7,0,0,16,43,1955
"2681",1998,6,0,0,15,23,1975
"2682",1998,5,1,0,16,28,1970
"2683",1998,6,0,0,12,73,1925
"2684",1998,4,0,0,12,73,1925
"2685",1998,7,1,0,16,38,1960
"2686",1998,7,1,0,13,58,1940
"2687",1998,3,0,0,14,33,1965
"2688",1998,4,0,0,12,38,1960
"2689",1998,6,0,0,12,38,1960
"2690",1998,6,1,0,14,33,1965
"2691",1998,5,1,1,14,43,1955
"2692",1998,6,0,1,13,23,1975
"2693",1998,6,1,0,7,78,1920
"2694",1998,4,1,0,11,73,1925
"2695",1998,9,1,0,14,58,1940
"2696",1998,4,1,0,16,33,1965
"2697",1998,3,0,1,12,33,1965
"2698",1998,4,0,0,12,38,1960
"2699",1998,7,0,0,12,38,1960
"2700",1998,1,1,0,4,48,1950
"2701",1998,3,1,0,8,83,1915
"2702",1998,6,1,0,12,23,1975
"2703",1998,5,0,0,12,28,1970
"2704",1998,6,1,0,13,33,1965
"2705",1998,8,0,0,12,48,1950
"2706",1998,5,1,0,16,28,1970
"2707",1998,6,0,0,12,43,1955
"2708",1998,5,1,0,12,53,1945
"2709",1998,6,1,0,11,33,1965
"2710",1998,5,1,0,12,28,1970
"2711",1998,4,1,0,11,43,1955
"2712",1998,9,1,0,16,23,1975
"2713",1998,9,0,0,14,48,1950
"2714",1998,7,0,0,14,28,1970
"2715",1998,6,0,1,12,73,1925
"2716",1998,9,1,0,12,58,1940
"2717",1998,3,1,0,12,28,1970
"2718",1998,5,1,0,12,48,1950
"2719",1998,6,0,1,17,43,1955
"2720",1998,7,1,0,12,38,1960
"2721",1998,5,1,0,12,33,1965
"2722",1998,3,0,0,13,68,1930
"2723",1998,6,1,0,10,68,1930
"2724",1998,8,1,0,16,48,1950
"2725",1998,6,1,0,12,68,1930
"2726",1998,8,0,0,13,48,1950
"2727",1998,6,1,0,14,73,1925
"2728",2000,4,0,0,8,40,1960
"2729",2000,9,1,1,12,45,1955
"2730",2000,6,1,1,12,55,1945
"2731",2000,6,0,0,11,20,1980
"2732",2000,9,0,1,15,40,1960
"2733",2000,6,0,0,13,70,1930
"2734",2000,6,0,0,16,45,1955
"2735",2000,5,0,0,8,60,1940
"2736",2000,6,1,0,11,55,1945
"2737",2000,0,1,0,13,25,1975
"2738",2000,7,0,0,15,30,1970
"2739",2000,5,1,1,14,50,1950
"2740",2000,6,1,1,13,60,1940
"2741",2000,4,1,0,12,65,1935
"2742",2000,5,0,0,12,30,1970
"2743",2000,9,0,0,17,40,1960
"2744",2000,3,1,0,16,40,1960
"2745",2000,9,0,0,19,30,1970
"2746",2000,10,1,0,19,30,1970
"2747",2000,3,0,0,9,20,1980
"2748",2000,9,1,0,18,45,1955
"2749",2000,7,1,0,14,50,1950
"2750",2000,5,1,1,11,60,1940
"2751",2000,4,1,1,14,60,1940
"2752",2000,6,0,0,12,45,1955
"2753",2000,7,0,0,16,65,1935
"2754",2000,6,1,0,12,40,1960
"2755",2000,6,0,0,16,25,1975
"2756",2000,9,0,0,16,45,1955
"2757",2000,10,0,0,16,45,1955
"2758",2000,8,1,0,17,70,1930
"2759",2000,2,0,0,12,30,1970
"2760",2000,3,0,0,12,30,1970
"2761",2000,10,1,0,12,60,1940
"2762",2000,8,1,0,18,25,1975
"2763",2000,5,1,1,14,35,1965
"2764",2000,6,0,0,12,25,1975
"2765",2000,7,1,0,16,40,1960
"2766",2000,4,1,0,14,25,1975
"2767",2000,0,1,0,14,45,1955
"2768",2000,7,1,1,12,35,1965
"2769",2000,6,0,0,16,35,1965
"2770",2000,7,1,0,12,40,1960
"2771",2000,8,0,0,13,35,1965
"2772",2000,9,0,0,20,40,1960
"2773",2000,8,1,0,20,65,1935
"2774",2000,5,1,0,11,80,1920
"2775",2000,8,0,0,17,50,1950
"2776",2000,7,1,0,12,45,1955
"2777",2000,5,1,0,16,35,1965
"2778",2000,5,0,0,12,25,1975
"2779",2000,2,1,0,12,20,1980
"2780",2000,6,1,0,13,45,1955
"2781",2000,4,0,0,12,30,1970
"2782",2000,9,0,0,16,50,1950
"2783",2000,7,0,0,12,45,1955
"2784",2000,4,1,0,14,40,1960
"2785",2000,6,0,0,12,80,1920
"2786",2000,3,0,0,6,60,1940
"2787",2000,6,1,0,11,85,1915
"2788",2000,5,1,0,9,70,1930
"2789",2000,9,1,0,18,45,1955
"2790",2000,6,0,0,17,45,1955
"2791",2000,8,1,0,18,60,1940
"2792",2000,5,1,1,16,30,1970
"2793",2000,10,0,0,12,50,1950
"2794",2000,5,1,1,7,80,1920
"2795",2000,7,0,0,12,55,1945
"2796",2000,8,1,0,18,50,1950
"2797",2000,10,1,0,12,50,1950
"2798",2000,8,1,0,16,35,1965
"2799",2000,8,1,0,15,40,1960
"2800",2000,5,0,0,12,75,1925
"2801",2000,8,1,0,12,30,1970
"2802",2000,5,0,0,14,25,1975
"2803",2000,6,1,1,13,45,1955
"2804",2000,8,0,0,20,40,1960
"2805",2000,6,1,0,11,50,1950
"2806",2000,9,1,0,16,30,1970
"2807",2000,10,0,0,12,70,1930
"2808",2000,6,0,0,16,80,1920
"2809",2000,6,1,0,15,50,1950
"2810",2000,6,1,0,15,40,1960
"2811",2000,7,1,0,16,25,1975
"2812",2000,7,0,0,16,40,1960
"2813",2000,6,1,0,12,80,1920
"2814",2000,3,0,1,12,40,1960
"2815",2000,7,0,1,12,45,1955
"2816",2000,7,1,0,14,45,1955
"2817",2000,6,1,1,12,40,1960
"2818",2000,6,0,0,10,30,1970
"2819",2000,2,0,1,11,35,1965
"2820",2000,5,0,0,12,45,1955
"2821",2000,5,0,1,12,50,1950
"2822",2000,7,1,0,14,40,1960
"2823",2000,6,1,0,12,45,1955
"2824",2000,6,1,0,16,25,1975
"2825",2000,5,0,0,8,60,1940
"2826",2000,4,0,0,12,30,1970
"2827",2000,7,1,0,12,25,1975
"2828",2000,4,1,0,10,75,1925
"2829",2000,7,1,0,12,55,1945
"2830",2000,3,1,0,12,25,1975
"2831",2000,5,1,0,12,70,1930
"2832",2000,4,1,0,10,35,1965
"2833",2000,10,1,0,19,30,1970
"2834",2000,7,1,0,16,60,1940
"2835",2000,8,0,0,14,30,1970
"2836",2000,9,1,0,20,50,1950
"2837",2000,4,0,1,13,45,1955
"2838",2000,6,1,1,12,25,1975
"2839",2000,5,0,1,12,35,1965
"2840",2000,7,1,0,12,50,1950
"2841",2000,8,0,0,12,25,1975
"2842",2000,6,0,0,16,50,1950
"2843",2000,5,0,0,14,60,1940
"2844",2000,7,0,1,12,40,1960
"2845",2000,7,1,0,12,40,1960
"2846",2000,6,0,0,16,30,1970
"2847",2000,5,0,0,14,40,1960
"2848",2000,6,1,1,16,25,1975
"2849",2000,6,0,1,16,40,1960
"2850",2000,5,1,1,13,40,1960
"2851",2000,3,0,0,12,30,1970
"2852",2000,6,0,0,17,70,1930
"2853",2000,7,0,0,16,30,1970
"2854",2000,4,0,1,16,50,1950
"2855",2000,4,1,0,14,30,1970
"2856",2000,9,0,0,15,25,1975
"2857",2000,10,0,0,16,60,1940
"2858",2000,10,1,0,12,50,1950
"2859",2000,2,1,1,11,25,1975
"2860",2000,6,0,0,16,25,1975
"2861",2000,8,1,0,14,50,1950
"2862",2000,4,0,0,13,40,1960
"2863",2000,6,0,0,13,25,1975
"2864",2000,5,1,0,12,50,1950
"2865",2000,6,0,0,12,65,1935
"2866",2000,5,0,1,12,45,1955
"2867",2000,7,0,0,8,85,1915
"2868",2000,10,0,0,18,55,1945
"2869",2000,5,1,1,13,40,1960
"2870",2000,9,0,0,8,75,1925
"2871",2000,7,0,1,14,30,1970
"2872",2000,6,1,0,12,45,1955
"2873",2000,9,1,0,18,65,1935
"2874",2000,2,1,1,11,45,1955
"2875",2000,7,0,0,17,35,1965
"2876",2000,7,1,0,16,35,1965
"2877",2000,8,1,0,16,40,1960
"2878",2000,9,1,0,14,30,1970
"2879",2000,3,1,0,12,20,1980
"2880",2000,5,1,0,14,45,1955
"2881",2000,7,1,0,17,30,1970
"2882",2000,5,1,1,12,40,1960
"2883",2000,6,1,1,10,25,1975
"2884",2000,6,1,1,11,30,1970
"2885",2000,9,1,0,12,70,1930
"2886",2000,7,1,0,14,70,1930
"2887",2000,8,1,0,16,30,1970
"2888",2000,10,1,0,12,50,1950
"2889",2000,7,1,0,12,55,1945
"2890",2000,5,1,1,11,30,1970
"2891",2000,6,1,1,12,30,1970
"2892",2000,6,0,0,14,30,1970
"2893",2000,6,0,0,12,60,1940
"2894",2000,9,0,0,17,30,1970
"2895",2000,6,1,0,12,45,1955
"2896",2000,8,1,1,16,40,1960
"2897",2000,8,1,0,16,50,1950
"2898",2000,2,0,1,11,50,1950
"2899",2000,6,0,0,20,40,1960
"2900",2000,4,1,0,13,25,1975
"2901",2000,7,0,0,12,25,1975
"2902",2000,2,0,0,6,60,1940
"2903",2000,3,1,0,12,50,1950
"2904",2000,8,1,0,16,55,1945
"2905",2000,7,0,0,12,35,1965
"2906",2000,9,0,0,15,25,1975
"2907",2000,5,1,0,12,55,1945
"2908",2000,5,1,0,16,45,1955
"2909",2000,7,1,0,13,75,1925
"2910",2000,6,1,0,12,65,1935
"2911",2000,6,1,0,16,50,1950
"2912",2000,8,1,0,13,75,1925
"2913",2000,8,0,0,12,35,1965
"2914",2000,6,0,0,12,45,1955
"2915",2000,5,1,0,9,80,1920
"2916",2000,6,1,0,11,75,1925
"2917",2000,7,0,0,17,25,1975
"2918",2000,6,1,0,10,20,1980
"2919",2000,4,1,0,12,20,1980
"2920",2000,5,0,0,12,50,1950
"2921",2000,10,1,0,13,45,1955
"2922",2000,3,0,0,12,25,1975
"2923",2000,5,1,1,10,20,1980
"2924",2000,2,0,1,12,55,1945
"2925",2000,4,0,0,15,35,1965
"2926",2000,2,0,0,12,45,1955
"2927",2000,6,0,0,10,20,1980
"2928",2000,7,0,0,14,35,1965
"2929",2000,6,0,0,12,55,1945
"2930",2000,8,1,0,15,50,1950
"2931",2000,5,0,0,12,30,1970
"2932",2000,8,0,0,11,20,1980
"2933",2000,8,1,0,18,40,1960
"2934",2000,8,0,0,16,50,1950
"2935",2000,5,1,0,12,50,1950
"2936",2000,7,1,0,12,20,1980
"2937",2000,4,0,0,12,25,1975
"2938",2000,4,1,0,12,30,1970
"2939",2000,6,1,0,10,55,1945
"2940",2000,5,1,1,12,35,1965
"2941",2000,2,1,0,3,80,1920
"2942",2000,4,0,0,12,45,1955
"2943",2000,2,0,0,12,45,1955
"2944",2000,6,0,0,15,35,1965
"2945",2000,6,1,0,12,60,1940
"2946",2000,6,1,0,12,45,1955
"2947",2000,8,0,0,16,45,1955
"2948",2000,8,0,0,14,85,1915
"2949",2000,8,1,0,12,85,1915
"2950",2000,8,1,0,12,40,1960
"2951",2000,7,1,0,15,40,1960
"2952",2000,6,1,0,9,60,1940
"2953",2000,4,1,0,10,45,1955
"2954",2000,5,0,0,10,30,1970
"2955",2000,7,1,0,12,70,1930
"2956",2000,6,0,0,12,30,1970
"2957",2000,6,1,0,14,45,1955
"2958",2000,4,1,0,8,70,1930
"2959",2000,7,1,0,10,60,1940
"2960",2000,5,1,0,13,50,1950
"2961",2000,5,0,0,12,35,1965
"2962",2000,7,1,0,16,35,1965
"2963",2000,9,0,0,17,25,1975
"2964",2000,6,0,0,12,30,1970
"2965",2000,9,1,0,17,75,1925
"2966",2000,3,1,0,9,75,1925
"2967",2000,6,1,0,13,35,1965
"2968",2000,7,0,0,14,55,1945
"2969",2004,1,1,1,9,39,1965
"2970",2004,9,0,0,19,29,1975
"2971",2004,0,0,0,12,49,1955
"2972",2004,9,0,0,16,74,1930
"2973",2004,7,0,0,16,49,1955
"2974",2004,10,1,0,18,59,1945
"2975",2004,8,1,0,12,69,1935
"2976",2004,9,1,0,12,79,1925
"2977",2004,6,1,0,14,74,1930
"2978",2004,10,1,0,18,34,1970
"2979",2004,3,0,0,11,19,1985
"2980",2004,5,1,0,12,24,1980
"2981",2004,6,0,0,15,49,1955
"2982",2004,10,0,0,18,74,1930
"2983",2004,0,0,0,12,69,1935
"2984",2004,8,1,0,12,79,1925
"2985",2004,6,1,0,15,64,1940
"2986",2004,7,0,0,14,64,1940
"2987",2004,0,0,0,12,49,1955
"2988",2004,6,0,0,15,24,1980
"2989",2004,7,1,0,14,44,1960
"2990",2004,9,1,0,16,34,1970
"2991",2004,5,1,0,10,64,1940
"2992",2004,8,1,0,18,59,1945
"2993",2004,8,1,0,17,49,1955
"2994",2004,5,0,0,14,44,1960
"2995",2004,9,1,0,20,44,1960
"2996",2004,7,1,0,17,24,1980
"2997",2004,4,1,1,11,24,1980
"2998",2004,6,1,1,14,54,1950
"2999",2004,8,0,0,20,49,1955
"3000",2004,10,1,0,18,39,1965
"3001",2004,0,0,0,14,49,1955
"3002",2004,6,1,0,16,39,1965
"3003",2004,5,1,1,15,24,1980
"3004",2004,8,0,1,15,54,1950
"3005",2004,4,1,1,13,24,1980
"3006",2004,7,0,0,16,24,1980
"3007",2004,5,0,0,16,89,1915
"3008",2004,9,0,0,16,44,1960
"3009",2004,9,0,0,16,69,1935
"3010",2004,8,0,0,20,29,1975
"3011",2004,10,1,0,20,59,1945
"3012",2004,9,0,0,16,84,1920
"3013",2004,9,1,0,18,24,1980
"3014",2004,3,0,1,12,34,1970
"3015",2004,7,0,0,13,44,1960
"3016",2004,7,1,0,20,59,1945
"3017",2004,6,1,0,12,19,1985
"3018",2004,6,1,0,15,19,1985
"3019",2004,1,1,0,15,34,1970
"3020",2004,5,0,1,7,69,1935
"3021",2004,5,0,1,11,19,1985
"3022",2004,7,1,1,14,44,1960
"3023",2004,4,1,1,15,24,1980
"3024",2004,10,0,0,16,34,1970
"3025",2004,7,0,0,16,34,1970
"3026",2004,6,0,0,16,49,1955
"3027",2004,7,0,0,15,34,1970
"3028",2004,4,0,1,14,34,1970
"3029",2004,5,1,1,13,19,1985
"3030",2004,5,0,0,14,44,1960
"3031",2004,5,0,0,16,49,1955
"3032",2004,4,1,1,12,44,1960
"3033",2004,9,0,0,16,24,1980
"3034",2004,5,0,1,9,64,1940
"3035",2004,7,1,1,16,59,1945
"3036",2004,6,1,1,13,44,1960
"3037",2004,5,1,0,16,54,1950
"3038",2004,5,1,0,12,74,1930
"3039",2004,5,1,1,18,24,1980
"3040",2004,4,1,0,15,54,1950
"3041",2004,4,0,1,14,29,1975
"3042",2004,5,0,1,12,29,1975
"3043",2004,6,1,1,18,39,1965
"3044",2004,6,1,0,14,19,1985
"3045",2004,8,0,0,15,34,1970
"3046",2004,5,1,1,11,34,1970
"3047",2004,5,0,0,17,29,1975
"3048",2004,10,1,0,14,59,1945
"3049",2004,6,1,0,14,44,1960
"3050",2004,5,1,0,12,19,1985
"3051",2004,5,0,0,14,64,1940
"3052",2004,4,1,1,9,39,1965
"3053",2004,4,1,0,8,64,1940
"3054",2004,3,1,0,12,69,1935
"3055",2004,7,1,0,12,79,1925
"3056",2004,1,0,0,16,49,1955
"3057",2004,10,1,0,18,64,1940
"3058",2004,7,0,0,20,64,1940
"3059",2004,9,1,0,14,29,1975
"3060",2004,7,0,0,18,44,1960
"3061",2004,6,1,0,12,39,1965
"3062",2004,6,1,0,16,74,1930
"3063",2004,8,1,0,18,64,1940
"3064",2004,8,0,0,18,34,1970
"3065",2004,6,1,1,14,34,1970
"3066",2004,4,0,1,6,59,1945
"3067",2004,1,1,1,11,19,1985
"3068",2004,8,0,0,12,34,1970
"3069",2004,3,1,0,12,19,1985
"3070",2004,9,0,0,20,69,1935
"3071",2004,9,0,0,13,44,1960
"3072",2004,5,1,0,14,34,1970
"3073",2004,8,1,0,14,49,1955
"3074",2004,10,1,0,16,24,1980
"3075",2004,6,1,0,12,89,1915
"3076",2004,7,0,0,14,44,1960
"3077",2004,4,1,1,16,44,1960
"3078",2004,6,0,0,13,54,1950
"3079",2004,9,1,0,12,89,1915
"3080",2004,6,0,0,12,74,1930
"3081",2004,7,0,0,12,74,1930
"3082",2004,6,1,0,14,34,1970
"3083",2004,6,1,0,16,24,1980
"3084",2004,6,1,0,12,74,1930
"3085",2004,5,1,0,14,29,1975
"3086",2004,6,1,0,12,44,1960
"3087",2004,7,0,0,12,59,1945
"3088",2004,6,1,0,16,44,1960
"3089",2004,6,1,0,14,44,1960
"3090",2004,7,1,0,12,79,1925
"3091",2004,8,0,0,13,19,1985
"3092",2004,7,1,0,7,24,1980
"3093",2004,5,1,0,16,24,1980
"3094",2004,8,0,0,12,54,1950
"3095",2004,7,0,0,16,24,1980
"3096",2004,10,1,0,12,49,1955
"3097",2004,4,1,0,11,29,1975
"3098",2004,9,0,1,15,44,1960
"3099",2004,8,1,0,14,24,1980
"3100",2004,5,0,1,14,54,1950
"3101",2004,9,1,0,20,64,1940
"3102",2004,8,0,0,19,29,1975
"3103",2004,3,1,1,11,19,1985
"3104",2004,2,1,0,9,34,1970
"3105",2004,6,0,0,12,49,1955
"3106",2004,8,1,0,16,24,1980
"3107",2004,5,1,1,9,19,1985
"3108",2004,6,1,1,17,54,1950
"3109",2004,4,0,1,12,74,1930
"3110",2004,7,0,0,9,39,1965
"3111",2004,7,1,1,12,24,1980
"3112",2004,6,1,1,15,34,1970
"3113",2004,7,1,0,11,79,1925
"3114",2004,4,1,0,12,39,1965
"3115",2004,5,0,0,14,44,1960
"3116",2004,4,1,0,8,89,1915
"3117",2004,10,1,0,13,64,1940
"3118",2004,6,0,0,9,44,1960
"3119",2004,6,0,0,14,59,1945
"3120",2004,6,0,0,16,34,1970
"3121",2004,7,1,0,12,64,1940
"3122",2004,8,1,0,19,44,1960
"3123",2004,3,0,1,9,49,1955
"3124",2004,7,0,1,19,44,1960
"3125",2004,9,1,0,20,49,1955
"3126",2004,6,1,0,15,49,1955
"3127",2004,4,0,0,12,29,1975
"3128",2004,5,1,0,12,74,1930
"3129",2004,3,0,0,5,59,1945
"3130",2004,6,0,0,16,59,1945
"3131",2004,6,1,0,12,24,1980
"3132",2004,6,0,0,18,34,1970
"3133",2004,4,1,0,12,79,1925
"3134",2004,5,1,0,15,24,1980
"3135",2004,10,0,0,18,64,1940
"3136",2004,8,0,0,20,29,1975
"3137",2004,8,1,0,12,44,1960
"3138",2004,4,0,0,13,49,1955
"3139",2004,6,0,0,18,49,1955
"3140",2004,9,0,0,18,24,1980
"3141",2004,9,0,0,14,64,1940
"3142",2004,8,1,0,20,49,1955
"3143",2004,10,1,0,17,89,1915
"3144",2004,10,0,0,16,24,1980
"3145",2004,5,1,0,16,29,1975
"3146",2004,6,0,0,12,39,1965
"3147",2004,5,1,0,12,39,1965
"3148",2004,9,0,0,12,34,1970
"3149",2004,9,0,0,20,34,1970
"3150",2004,7,0,0,19,39,1965
"3151",2004,8,0,0,16,44,1960
"3152",2004,9,0,0,18,69,1935
"3153",2004,3,1,0,12,89,1915
"3154",2004,8,1,0,12,54,1950
"3155",2004,4,0,0,12,54,1950
"3156",2004,4,0,0,14,19,1985
"3157",2004,7,0,0,12,49,1955
"3158",2004,5,1,0,13,29,1975
"3159",2004,2,1,0,8,89,1915
"3160",2004,6,1,0,12,34,1970
"3161",2004,6,0,0,10,34,1970
"3162",2004,6,0,0,13,59,1945
"3163",2004,6,1,0,16,59,1945
"3164",2004,5,1,0,12,49,1955
"3165",2004,6,1,0,8,59,1945
"3166",2004,4,0,0,8,79,1925
"3167",2004,6,1,0,13,84,1920
"3168",2004,5,0,0,13,59,1945
"3169",2004,9,1,0,16,49,1955
"3170",2004,6,0,0,12,24,1980
"3171",2004,3,0,0,10,54,1950
"3172",2004,7,1,0,16,39,1965
"3173",2004,7,0,0,11,54,1950
"3174",2004,3,0,0,12,59,1945
"3175",2004,4,1,0,12,54,1950
"3176",2004,6,1,0,12,74,1930
"3177",2004,7,0,0,12,54,1950
"3178",2004,7,0,0,14,49,1955
"3179",2004,7,1,0,15,44,1960
"3180",2004,6,1,0,12,19,1985
"3181",2004,6,1,0,14,34,1970
"3182",2004,6,0,0,12,34,1970
"3183",2004,7,0,0,14,44,1960
"3184",2004,10,1,0,20,69,1935
"3185",2004,6,1,0,8,54,1950
"3186",2004,4,1,0,12,59,1945
"3187",2004,5,0,0,12,74,1930
"3188",2004,6,0,1,13,24,1980
"3189",2004,6,0,0,16,69,1935
"3190",2004,2,1,0,12,54,1950
"3191",2004,3,1,1,12,49,1955
"3192",2004,7,1,1,19,49,1955
"3193",2004,6,0,0,17,54,1950
"3194",2004,7,0,0,14,64,1940
"3195",2004,2,1,1,10,64,1940
"3196",2004,7,1,1,12,24,1980
"3197",2004,7,1,0,12,39,1965
"3198",2004,7,1,1,12,69,1935
"3199",2004,6,0,0,13,84,1920
"3200",2004,4,1,0,13,39,1965
"3201",2004,4,0,0,15,44,1960
"3202",2004,5,0,0,16,39,1965
"3203",2004,4,0,0,11,19,1985
"3204",2004,7,1,0,16,49,1955
"3205",2004,5,0,0,8,69,1935
"3206",2004,3,0,0,8,74,1930
"3207",2004,5,0,0,11,54,1950
"3208",2004,7,1,0,11,19,1985
"3209",2004,7,1,0,16,79,1925
"3210",2004,6,1,0,13,34,1970
"3211",2004,7,0,0,14,39,1965
"3212",2004,6,1,0,14,49,1955
"3213",2004,6,0,0,14,49,1955
"3214",2004,5,1,0,13,24,1980
"3215",2004,5,0,0,10,49,1955
"3216",2004,7,0,0,13,54,1950
"3217",2004,0,1,0,12,19,1985
"3218",2004,6,1,0,16,39,1965
"3219",2004,7,0,0,19,34,1970
"3220",2004,8,0,0,16,49,1955
"3221",2004,7,0,0,11,64,1940
"3222",2004,7,0,0,16,34,1970
"3223",2004,8,1,0,14,34,1970
"3224",2004,5,1,0,12,34,1970
"3225",2004,6,0,0,16,74,1930
"3226",2004,5,1,0,17,24,1980
"3227",2004,4,1,0,12,89,1915
"3228",2004,9,1,0,16,39,1965
"3229",2006,5,1,0,13,31,1975
"3230",2006,7,1,0,18,36,1970
"3231",2006,10,0,0,14,51,1955
"3232",2006,6,1,0,16,31,1975
"3233",2006,2,1,1,12,56,1950
"3234",2006,7,1,1,16,31,1975
"3235",2006,7,0,0,10,86,1920
"3236",2006,10,1,0,18,71,1935
"3237",2006,7,0,1,13,51,1955
"3238",2006,5,0,1,15,66,1940
"3239",2006,6,1,0,14,46,1960
"3240",2006,7,1,0,17,26,1980
"3241",2006,6,1,0,12,56,1950
"3242",2006,9,1,0,16,46,1960
"3243",2006,5,1,1,9,71,1935
"3244",2006,7,0,1,12,36,1970
"3245",2006,3,0,0,12,71,1935
"3246",2006,5,0,0,12,46,1960
"3247",2006,4,0,0,16,36,1970
"3248",2006,5,0,1,14,36,1970
"3249",2006,6,0,0,17,51,1955
"3250",2006,6,0,0,14,21,1985
"3251",2006,6,0,1,14,36,1970
"3252",2006,7,1,0,15,21,1985
"3253",2006,9,1,0,16,61,1945
"3254",2006,7,1,0,16,66,1940
"3255",2006,7,0,0,15,51,1955
"3256",2006,7,1,0,16,66,1940
"3257",2006,5,1,0,13,31,1975
"3258",2006,9,1,0,13,81,1925
"3259",2006,7,0,0,12,21,1985
"3260",2006,6,1,1,14,56,1950
"3261",2006,5,1,0,11,51,1955
"3262",2006,7,0,0,12,31,1975
"3263",2006,7,1,0,12,86,1920
"3264",2006,5,1,1,13,36,1970
"3265",2006,5,0,0,14,21,1985
"3266",2006,6,1,0,16,41,1965
"3267",2006,7,0,1,15,56,1950
"3268",2006,7,1,0,13,61,1945
"3269",2006,6,1,0,13,81,1925
"3270",2006,5,1,0,6,31,1975
"3271",2006,6,0,1,11,36,1970
"3272",2006,4,1,1,15,46,1960
"3273",2006,10,1,0,19,41,1965
"3274",2006,4,0,0,16,66,1940
"3275",2006,9,0,0,20,76,1930
"3276",2006,6,1,0,12,61,1945
"3277",2006,5,0,0,12,21,1985
"3278",2006,9,1,0,17,31,1975
"3279",2006,6,0,0,12,31,1975
"3280",2006,5,0,0,14,41,1965
"3281",2006,6,0,0,14,41,1965
"3282",2006,8,1,0,12,56,1950
"3283",2006,2,0,0,12,46,1960
"3284",2006,5,1,1,15,46,1960
"3285",2006,4,0,0,9,86,1920
"3286",2006,9,1,0,17,51,1955
"3287",2006,7,0,0,16,26,1980
"3288",2006,6,1,0,12,46,1960
"3289",2006,6,1,1,2,31,1975
"3290",2006,5,0,0,12,71,1935
"3291",2006,7,0,0,18,71,1935
"3292",2006,8,0,0,16,26,1980
"3293",2006,7,1,0,19,26,1980
"3294",2006,8,0,0,16,46,1960
"3295",2006,5,0,0,16,86,1920
"3296",2006,9,0,0,18,51,1955
"3297",2006,9,1,0,20,76,1930
"3298",2006,5,0,0,14,21,1985
"3299",2006,8,1,0,15,36,1970
"3300",2006,5,0,0,12,61,1945
"3301",2006,9,0,0,20,56,1950
"3302",2006,5,0,1,12,46,1960
"3303",2006,7,1,0,14,36,1970
"3304",2006,6,1,1,16,51,1955
"3305",2006,9,0,0,15,56,1950
"3306",2006,6,0,0,11,56,1950
"3307",2006,4,1,1,13,76,1930
"3308",2006,9,1,0,12,71,1935
"3309",2006,6,1,0,14,86,1920
"3310",2006,7,1,0,18,26,1980
"3311",2006,9,1,0,18,61,1945
"3312",2006,8,1,0,15,21,1985
"3313",2006,6,1,0,13,76,1930
"3314",2006,9,0,0,19,81,1925
"3315",2006,9,1,0,16,66,1940
"3316",2006,5,1,0,16,31,1975
"3317",2006,8,0,0,6,41,1965
"3318",2006,7,1,0,14,51,1955
"3319",2006,5,1,0,12,36,1970
"3320",2006,7,1,0,16,46,1960
"3321",2006,5,1,0,8,81,1925
"3322",2006,6,1,0,14,41,1965
"3323",2006,7,1,0,16,46,1960
"3324",2006,8,1,0,12,71,1935
"3325",2006,4,0,0,11,66,1940
"3326",2006,5,1,0,13,76,1930
"3327",2006,6,0,0,13,36,1970
"3328",2006,4,1,1,14,36,1970
"3329",2006,3,0,0,12,21,1985
"3330",2006,10,0,0,18,51,1955
"3331",2006,5,0,0,14,51,1955
"3332",2006,9,1,0,14,56,1950
"3333",2006,7,1,0,16,26,1980
"3334",2006,7,1,0,14,46,1960
"3335",2006,3,0,1,11,26,1980
"3336",2006,6,1,0,12,31,1975
"3337",2006,5,1,0,13,36,1970
"3338",2006,6,0,0,14,56,1950
"3339",2006,6,0,0,16,56,1950
"3340",2006,9,1,0,20,51,1955
"3341",2006,6,1,1,13,51,1955
"3342",2006,8,0,1,18,26,1980
"3343",2006,7,0,0,16,66,1940
"3344",2006,8,0,0,16,61,1945
"3345",2006,8,1,0,16,41,1965
"3346",2006,4,1,0,11,71,1935
"3347",2006,6,0,0,14,41,1965
"3348",2006,6,1,0,16,61,1945
"3349",2006,9,0,0,18,36,1970
"3350",2006,9,1,0,20,71,1935
"3351",2006,9,0,0,16,51,1955
"3352",2006,9,0,0,16,81,1925
"3353",2006,7,0,1,17,26,1980
"3354",2006,5,1,0,14,21,1985
"3355",2006,5,1,0,16,21,1985
"3356",2006,9,0,0,16,26,1980
"3357",2006,4,1,0,14,66,1940
"3358",2006,1,1,0,14,76,1930
"3359",2006,7,1,1,16,36,1970
"3360",2006,8,1,0,14,66,1940
"3361",2006,9,1,0,16,26,1980
"3362",2006,7,1,1,6,41,1965
"3363",2006,8,1,0,16,61,1945
"3364",2006,3,0,0,12,31,1975
"3365",2006,6,1,0,14,51,1955
"3366",2006,6,0,0,14,56,1950
"3367",2006,3,0,0,5,66,1940
"3368",2006,5,0,0,15,21,1985
"3369",2006,6,1,0,16,26,1980
"3370",2006,3,0,0,12,71,1935
"3371",2006,5,1,0,15,46,1960
"3372",2006,6,1,1,8,71,1935
"3373",2006,8,1,0,16,41,1965
"3374",2006,6,1,0,14,76,1930
"3375",2006,7,0,0,14,51,1955
"3376",2006,8,1,0,13,46,1960
"3377",2006,6,0,0,14,56,1950
"3378",2006,4,1,0,12,51,1955
"3379",2006,10,0,0,16,61,1945
"3380",2006,4,1,0,11,71,1935
"3381",2006,8,1,0,6,21,1985
"3382",2006,6,0,0,17,31,1975
"3383",2006,6,1,0,12,36,1970
"3384",2006,10,0,0,14,51,1955
"3385",2006,7,1,0,10,56,1950
"3386",2006,5,1,0,12,56,1950
"3387",2006,2,1,0,12,51,1955
"3388",2006,7,1,0,14,21,1985
"3389",2006,6,1,0,12,21,1985
"3390",2006,7,0,0,19,26,1980
"3391",2006,7,1,0,14,21,1985
"3392",2006,5,1,0,12,56,1950
"3393",2006,9,0,0,15,31,1975
"3394",2006,9,1,0,17,71,1935
"3395",2006,8,1,0,14,66,1940
"3396",2006,5,0,0,12,21,1985
"3397",2006,5,0,0,14,36,1970
"3398",2006,8,0,0,13,41,1965
"3399",2006,10,1,0,15,51,1955
"3400",2006,10,1,0,20,41,1965
"3401",2006,2,0,0,8,81,1925
"3402",2006,5,0,0,10,66,1940
"3403",2006,4,0,0,15,56,1950
"3404",2006,6,1,0,12,66,1940
"3405",2006,8,1,0,12,61,1945
"3406",2006,10,0,0,20,76,1930
"3407",2006,8,0,0,13,61,1945
"3408",2006,7,0,0,14,46,1960
"3409",2006,7,1,0,13,26,1980
"3410",2006,4,0,0,13,41,1965
"3411",2006,5,0,0,16,41,1965
"3412",2006,6,0,0,12,76,1930
"3413",2006,6,1,0,10,46,1960
"3414",2006,4,0,0,11,71,1935
"3415",2006,6,0,0,11,46,1960
"3416",2006,6,0,0,12,61,1945
"3417",2006,6,0,0,14,41,1965
"3418",2006,8,1,0,12,56,1950
"3419",2006,6,1,0,12,26,1980
"3420",2006,4,0,0,12,46,1960
"3421",2006,4,0,0,11,26,1980
"3422",2006,4,1,0,12,36,1970
"3423",2006,5,1,0,12,86,1920
"3424",2006,7,0,0,12,46,1960
"3425",2006,6,1,0,12,26,1980
"3426",2006,6,1,1,14,26,1980
"3427",2006,8,0,0,16,41,1965
"3428",2006,3,1,1,12,31,1975
"3429",2006,5,0,0,12,51,1955
"3430",2006,5,1,0,14,46,1960
"3431",2006,5,1,0,11,56,1950
"3432",2006,8,0,0,11,61,1945
"3433",2006,6,0,0,8,71,1935
"3434",2006,7,1,0,15,66,1940
"3435",2006,3,1,0,11,56,1950
"3436",2006,4,1,0,13,61,1945
"3437",2006,6,1,0,18,51,1955
"3438",2006,7,0,0,13,56,1950
"3439",2006,8,1,0,14,46,1960
"3440",2006,0,1,1,20,41,1965
"3441",2006,6,0,0,12,61,1945
"3442",2006,6,1,0,13,66,1940
"3443",2006,3,1,0,12,76,1930
"3444",2006,3,0,1,12,26,1980
"3445",2006,5,1,1,14,26,1980
"3446",2006,5,0,1,12,41,1965
"3447",2006,4,1,1,12,36,1970
"3448",2006,6,0,0,12,36,1970
"3449",2006,5,1,1,11,51,1955
"3450",2006,7,0,0,12,56,1950
"3451",2006,7,1,0,14,51,1955
"3452",2006,5,1,0,13,31,1975
"3453",2006,6,1,0,12,36,1970
"3454",2006,8,0,0,13,46,1960
"3455",2006,6,0,1,18,36,1970
"3456",2006,7,1,0,12,71,1935
"3457",2006,6,0,0,14,41,1965
"3458",2006,9,1,0,16,71,1935
"3459",2006,7,1,0,13,46,1960
"3460",2006,5,1,0,13,26,1980
"3461",2006,7,1,0,15,21,1985
"3462",2006,10,0,0,14,71,1935
"3463",2006,6,1,0,12,41,1965
"3464",2006,9,1,0,13,66,1940
"3465",2006,7,0,0,12,36,1970
"3466",2006,8,1,0,12,81,1925
"3467",2006,5,1,0,12,46,1960
"3468",2006,8,0,0,16,71,1935
"3469",2006,7,0,0,10,46,1960
"3470",2006,9,1,0,16,86,1920
"3471",2006,6,0,0,12,46,1960
